"code","part","year","all","0_4","5_9","10_14","15_19","20_24","25_29","30_34","35_39","40_44","45_49","50_54","55_59","60_64","65_69","70_74","75_79","80_84","over85"
1,"‘S•”Κ",1975,206702,1325,717,658,706,1196,2649,3876,6054,10543,15533,17360,20139,27374,30496,30218,22603,11003,4250
1,"‘S•”Κ",1976,209320,1294,692,619,701,979,2935,3378,6017,10454,15435,18339,19703,26883,31879,29370,23934,12061,4645
1,"‘S•”Κ",1977,216218,1332,713,614,840,862,2927,3483,6398,10607,15947,19220,19816,27279,33319,29762,25101,13080,4916
1,"‘S•”Κ",1978,224040,1213,700,528,811,838,2428,3723,6776,10609,16158,20903,20703,27143,34554,30991,26686,13706,5573
1,"‘S•”Κ",1979,239835,1187,665,497,779,889,2186,4211,7911,10614,16913,22961,23687,28362,35673,33772,28361,14898,6268
1,"‘S•”Κ",1980,251041,1194,713,587,715,948,1883,4727,7473,10640,17299,23606,25614,29307,36127,37339,29503,16408,6959
1,"‘S•”Κ",1981,262944,1117,781,676,710,945,1794,5305,7015,11115,17890,24114,28206,29954,37421,39933,29984,18353,7637
1,"‘S•”Κ",1982,273080,1046,834,696,698,1003,1778,5297,6768,11615,17702,25311,30240,30203,37978,41206,31229,20501,8976
1,"‘S•”Κ",1983,290429,921,828,729,726,1068,1747,5091,7109,12423,17987,27241,33190,32798,38656,43250,33509,22809,10347
1,"‘S•”Κ",1984,305475,951,731,792,845,1079,1890,4655,7786,13399,17523,27757,35597,35812,38380,44638,37026,24608,12003
1,"‘S•”Κ",1985,331485,1188,656,837,932,1074,1839,4516,9677,13252,18191,28623,38236,39813,41187,48901,41582,26825,14151
1,"‘S•”Κ",1986,340981,1188,612,851,938,1016,1843,4189,10495,12231,18245,28592,39208,43438,41894,49579,44223,26738,15700
1,"‘S•”Κ",1987,355037,1147,591,773,852,1046,1766,3802,10054,12695,18921,28867,40952,46948,43223,50794,46147,28555,17905
1,"‘S•”Κ",1988,366749,1127,568,660,879,1085,1785,3722,9324,13555,19808,28702,41549,50439,45225,50249,47750,30567,19753
1,"‘S•”Κ",1989,376823,1021,536,601,962,1157,1696,3536,8387,14738,21023,27487,41159,52071,49412,49223,49072,32959,21789
1,"‘S•”Κ",1990,401941,1016,619,694,979,1202,2103,3848,8685,17418,21597,28586,43499,56069,55290,51978,50771,35460,22127
1,"‘S•”Κ",1991,418948,983,626,645,1025,1345,2011,3733,7999,19425,19996,29167,44484,58834,60585,53602,52922,38449,23117
1,"‘S•”Κ",1992,440245,926,627,591,1044,1435,2141,3749,7626,19485,20855,31120,45563,61505,65794,56136,55080,41166,25402
1,"‘S•”Κ",1993,446730,849,576,614,1018,1360,2174,3682,7013,17303,21743,31363,44900,61495,69251,57919,55254,42960,27256
1,"‘S•”Κ",1994,453394,847,486,625,913,1393,2232,3742,6801,15387,23338,32625,42909,60120,71646,61888,54279,44531,29632
1,"‘S•”Κ",1995,473770,997,537,641,813,1489,2079,3720,6555,13169,26453,31093,41311,60417,74524,69041,56796,47765,36370
1,"‘S•”Κ",1996,483571,953,493,601,756,1475,2087,3512,6325,12071,28856,28487,41555,60769,75401,75135,56721,49090,39284
1,"‘S•”Κ",1997,494292,912,508,553,705,1420,2109,3543,6356,11469,27789,28863,42835,60253,76763,80046,57845,49508,42815
1,"‘S•”Κ",1998,509369,793,462,569,720,1298,2195,3607,6332,11204,25182,31049,44703,60065,78339,84657,61585,50525,46084
1,"‘S•”Κ",1999,522125,802,414,519,734,1305,2288,3680,6477,11117,22488,33577,47005,58072,78217,88065,67801,50185,49379
1,"‘S•”Κ",2000,532233,819,381,499,742,1151,2191,3901,6507,11079,20779,36706,44929,58207,78316,88764,73118,52445,51699
1,"‘S•”Κ",2001,560694,875,379,431,645,1165,2292,4346,6514,11205,20576,43655,43277,61949,82938,95534,83502,50430,50984
1,"‘S•”Κ",2002,570598,717,338,392,632,1119,2163,4525,6768,11355,19816,38755,46768,62281,80383,94713,84080,57275,58518
1,"‘S•”Κ",2003,620011,798,509,392,720,1262,2321,4930,7428,12001,19888,37321,50985,67397,84389,103791,95987,65105,64787
1,"‘S•”Κ",2004,623275,657,318,395,620,1020,2570,4901,8312,12385,20778,36844,54641,69391,84340,101884,96562,64475,63182
1,"‘S•”Κ",2005,646802,659,425,473,605,1290,2267,4726,7680,13241,19994,34148,58499,72752,87393,105388,102141,69784,65337
1,"‘S•”Κ",2006,664398,525,345,409,582,1445,2478,5021,8353,13392,20786,32605,63261,69522,87454,108541,104097,74962,70620
1,"‘S•”Κ",2007,704090,745,430,539,768,1200,2196,5074,9348,13822,21546,32850,63529,73934,93678,113234,110563,83178,77456
1,"‘S•”Κ",2008,749767,775,479,522,839,1262,2397,5461,9998,14711,22335,32707,63942,79969,99616,117919,118531,93791,84513
1,"‘S•”Κ",2009,775601,790,465,585,695,1424,2572,5530,9930,15196,22891,33209,58398,86606,106445,118360,122524,98594,91387
1,"‘S•”Κ",2010,805236,744,442,513,741,1504,2559,5298,10500,16261,24183,32670,56710,95291,108585,121635,127325,103595,96680
1,"‘S•”Κ",2011,851537,904,508,483,838,1412,2813,5448,10681,18329,25148,34099,57001,107391,109913,129366,134693,109393,103117
1,"‘S•”Κ",2012,865238,881,476,518,820,1455,2791,5365,11141,18313,25570,34507,53651,104031,113999,132556,137774,113043,108347
1,"‘S•”Κ",2013,862452,747,469,518,837,1229,2652,5262,10279,19547,26226,35147,52164,97666,119784,136470,135215,112170,106070
1,"‘S•”Κ",2014,876713,782,483,589,810,1399,2645,5258,10405,19474,26789,34865,50856,90434,125761,143033,135327,115483,112320
1,"‘S•”Κ",2015,903914,840,521,570,859,1368,2461,5073,10245,20269,28551,36891,51958,85731,136126,146864,137919,119030,118638
3,"ϋoEτ“",1975,2497,18,13,22,22,35,36,83,83,155,182,205,270,367,273,307,230,132,61
3,"ϋoEτ“",1976,2571,21,10,20,16,31,53,56,85,131,191,267,303,364,330,301,198,125,67
3,"ϋoEτ“",1977,2738,21,9,14,23,23,56,62,87,104,206,299,365,373,350,315,205,141,83
3,"ϋoEτ“",1978,2980,16,9,11,26,17,39,52,90,116,287,304,379,345,416,353,261,158,102
3,"ϋoEτ“",1979,3521,11,13,11,29,28,22,81,116,140,321,357,434,443,454,441,336,200,84
3,"ϋoEτ“",1980,4059,0,3,14,21,47,17,94,141,159,367,427,490,528,511,523,406,221,90
3,"ϋoEτ“",1981,4192,2,3,27,12,42,31,130,148,172,312,471,589,519,495,569,357,212,105
3,"ϋoEτ“",1982,4277,2,6,23,14,28,39,142,122,191,305,449,589,503,546,548,371,239,159
3,"ϋoEτ“",1983,4571,6,8,17,11,15,34,170,158,207,312,496,662,505,555,581,413,258,162
3,"ϋoEτ“",1984,4854,16,9,9,19,20,27,163,146,206,339,482,650,559,597,599,545,295,173
3,"ϋoEτ“",1985,5301,10,2,14,18,36,21,123,214,215,390,598,664,668,663,619,560,300,189
3,"ϋoEτ“",1986,5626,4,0,13,20,30,38,87,226,219,435,585,735,770,770,634,587,279,195
3,"ϋoEτ“",1987,5462,10,4,7,21,35,55,75,184,210,441,586,731,768,687,642,482,322,200
3,"ϋoEτ“",1988,5867,13,5,9,22,35,55,73,169,247,440,583,804,837,749,679,553,387,202
3,"ϋoEτ“",1989,5780,18,5,4,30,33,68,70,162,210,412,560,788,826,715,675,554,422,225
3,"ϋoEτ“",1990,6444,5,0,5,35,31,69,59,144,294,338,631,907,996,970,688,658,385,229
3,"ϋoEτ“",1991,6839,3,4,7,26,37,62,70,119,313,320,660,886,1155,1014,787,706,424,246
3,"ϋoEτ“",1992,6950,0,5,8,21,43,39,64,118,322,335,633,844,1137,1138,782,723,465,273
3,"ϋoEτ“",1993,7054,0,5,11,20,44,45,67,109,273,378,623,815,1150,1099,828,743,508,336
3,"ϋoEτ“",1994,7057,0,0,10,18,46,42,73,113,260,435,691,789,1091,1092,789,762,498,348
3,"ϋoEτ“",1995,8560,0,2,10,12,72,47,92,132,277,579,843,1022,1222,1338,1134,773,544,461
3,"ϋoEτ“",1996,8556,0,3,15,9,60,68,69,114,261,628,732,1013,1174,1315,1215,806,575,499
3,"ϋoEτ“",1997,8470,1,1,8,7,70,81,47,85,227,556,712,1032,1173,1318,1195,830,591,536
3,"ϋoEτ“",1998,8786,1,1,9,10,58,117,42,104,226,478,698,978,1187,1456,1234,919,646,622
3,"ϋoEτ“",1999,8932,1,0,5,9,44,94,69,133,217,444,725,1053,1194,1455,1279,950,628,632
3,"ϋoEτ“",2000,9475,0,0,6,16,30,76,84,155,228,430,815,1026,1251,1556,1439,1020,650,693
3,"ϋoEτ“",2001,9612,0,0,8,16,39,60,127,168,212,417,1008,962,1283,1484,1466,1097,615,650
3,"ϋoEτ“",2002,10959,0,0,4,21,62,56,109,166,201,424,1010,1119,1580,1776,1701,1193,775,762
3,"ϋoEτ“",2003,11015,2,0,4,26,76,62,132,183,191,416,845,1172,1512,1712,1583,1378,928,793
3,"ϋoEτ“",2004,10116,0,8,0,20,33,90,105,105,204,417,774,1081,1488,1448,1661,1183,754,745
3,"ϋoEτ“",2005,10915,1,9,28,6,57,67,138,101,176,405,667,1405,1519,1480,1580,1562,840,874
3,"ϋoEτ“",2006,12626,0,0,9,18,23,78,146,217,248,471,836,1615,1551,1815,1963,1646,1051,939
3,"ϋoEτ“",2007,14160,4,4,10,24,54,86,99,279,232,488,791,1638,1883,2004,2277,1771,1349,1167
3,"ϋoEτ“",2008,15522,1,1,9,18,38,57,166,239,317,510,819,1812,2043,2460,2200,1954,1564,1314
3,"ϋoEτ“",2009,15786,5,5,1,27,63,88,172,305,344,614,870,1480,2145,2391,2146,2038,1610,1482
3,"ϋoEτ“",2010,15560,2,9,8,10,66,76,153,277,335,534,827,1403,2225,2436,2227,1969,1487,1516
3,"ϋoEτ“",2011,15716,3,0,6,17,49,60,125,248,375,600,836,1321,2514,2133,2027,2259,1597,1546
3,"ϋoEτ“",2012,19232,0,2,13,21,15,92,169,303,418,607,1008,1661,3070,2834,2807,2622,1803,1787
3,"ϋoEτ“",2013,19000,1,4,9,18,53,89,200,289,546,573,1008,1568,2536,2784,2952,2466,2020,1884
3,"ϋoEτ“",2014,19013,0,2,12,20,59,77,182,263,451,666,1010,1400,2306,3076,3021,2526,1920,2022
3,"ϋoEτ“",2015,18478,5,7,12,21,43,87,157,261,488,689,932,1375,2116,2892,2836,2383,2054,2120
4,"H“Ή",1975,5761,15,15,17,21,21,16,14,58,78,223,363,505,892,1071,1046,793,392,221
4,"H“Ή",1976,5681,10,11,12,14,15,12,18,33,59,192,354,449,829,1053,999,931,463,225
4,"H“Ή",1977,5868,10,10,12,14,13,15,22,34,57,214,409,455,854,1105,1045,901,457,232
4,"H“Ή",1978,6266,11,11,11,15,13,16,22,44,85,215,427,531,872,1142,1144,919,526,263
4,"H“Ή",1979,6569,11,11,11,13,13,16,14,41,120,280,492,654,917,1126,1164,926,480,279
4,"H“Ή",1980,6719,1,0,0,0,0,0,0,22,106,258,534,726,916,1093,1258,1067,446,287
4,"H“Ή",1981,6666,1,0,0,0,0,0,0,4,93,263,583,783,890,1090,1260,1013,452,231
4,"H“Ή",1982,6963,1,0,0,0,0,0,0,18,88,256,615,893,810,1133,1308,1015,575,249
4,"H“Ή",1983,7486,0,0,0,0,0,0,3,24,86,280,628,950,974,1208,1300,1069,657,307
4,"H“Ή",1984,7345,0,0,0,0,0,0,2,35,122,274,564,996,963,1148,1149,1124,629,337
4,"H“Ή",1985,8349,0,0,0,10,0,0,4,32,104,335,721,1014,1247,1262,1417,1148,713,344
4,"H“Ή",1986,8723,0,0,0,0,4,0,2,34,103,327,749,1046,1377,1321,1400,1309,664,388
4,"H“Ή",1987,9184,0,0,0,0,4,4,2,37,109,350,734,1215,1571,1289,1445,1287,716,417
4,"H“Ή",1988,9104,0,0,0,0,4,4,2,35,106,328,724,1249,1680,1249,1287,1303,691,441
4,"H“Ή",1989,9318,0,0,0,0,0,4,2,42,104,351,700,1240,1681,1370,1258,1328,785,449
4,"H“Ή",1990,9860,0,0,0,0,0,0,7,39,117,341,771,1224,1742,1531,1499,1337,777,475
4,"H“Ή",1991,10540,0,0,0,0,2,0,4,32,181,340,832,1297,1884,1795,1479,1314,894,486
4,"H“Ή",1992,11237,0,1,0,0,2,2,2,28,173,323,917,1371,1969,2080,1483,1348,976,562
4,"H“Ή",1993,11762,0,1,0,0,2,2,6,22,183,369,949,1445,1974,2249,1610,1343,1034,573
4,"H“Ή",1994,11760,0,0,0,0,0,2,5,14,117,389,997,1406,1836,2267,1729,1364,1019,615
4,"H“Ή",1995,12714,0,0,0,0,0,1,2,17,104,489,923,1532,2098,2429,1975,1384,1086,674
4,"H“Ή",1996,12984,0,0,0,0,0,0,2,15,89,518,842,1565,2148,2527,2135,1362,1042,739
4,"H“Ή",1997,13899,0,0,2,0,0,1,7,16,95,447,830,1773,2235,2727,2448,1457,1031,830
4,"H“Ή",1998,14351,0,0,2,0,2,0,7,17,115,391,896,1901,2152,2866,2546,1538,1019,899
4,"H“Ή",1999,15211,0,0,2,0,7,0,7,13,120,357,983,2000,2145,2851,2745,1761,1149,1071
4,"H“Ή",2000,15451,0,0,0,0,5,0,2,17,95,333,1024,1872,2298,2819,2751,1940,1210,1085
4,"H“Ή",2001,16323,0,0,0,0,5,0,11,30,73,343,1194,1668,2545,2869,3086,2273,1172,1054
4,"H“Ή",2002,16233,0,0,0,0,0,0,9,36,76,376,1029,1826,2558,2700,3020,2211,1281,1111
4,"H“Ή",2003,16400,0,0,0,0,0,0,1,28,106,440,990,1872,2601,2659,3013,2280,1304,1106
4,"H“Ή",2004,17815,0,0,0,0,0,13,15,16,74,368,1030,2050,2969,3197,3119,2422,1518,1024
4,"H“Ή",2005,17496,0,2,0,0,0,0,4,24,71,385,864,2037,2643,3174,2933,2682,1591,1086
4,"H“Ή",2006,18723,0,0,0,1,0,4,0,39,128,351,847,2396,2829,3184,3303,2735,1563,1343
4,"H“Ή",2007,19994,0,0,0,0,7,3,3,23,93,367,1005,2297,3008,3590,3526,2973,1865,1234
4,"H“Ή",2008,20556,0,0,0,0,0,7,3,27,116,291,758,2221,3102,3932,3795,2939,2001,1364
4,"H“Ή",2009,20787,0,0,2,0,2,0,10,36,127,292,825,2086,3119,4006,3659,3167,1992,1464
4,"H“Ή",2010,21427,0,0,0,3,0,0,9,41,98,341,764,1836,3570,3860,4027,3151,2132,1595
4,"H“Ή",2011,23119,0,0,0,0,0,0,8,23,95,358,811,1865,4077,4246,4290,3527,2270,1549
4,"H“Ή",2012,21965,0,0,0,0,0,6,4,79,155,295,820,1594,3508,4048,3959,3642,2263,1592
4,"H“Ή",2013,22812,0,0,0,0,6,5,19,20,151,312,858,1657,3418,4149,4478,3588,2454,1697
4,"H“Ή",2014,22784,2,0,0,0,0,3,15,35,157,335,811,1635,3035,4328,4732,3527,2460,1709
4,"H“Ή",2015,23143,0,0,0,0,3,6,9,37,173,322,776,1468,2777,4533,4862,3701,2573,1903
5,"έ",1975,75133,18,18,20,53,260,731,1350,2109,3612,5339,6265,7357,10695,11926,11619,8261,3993,1508
5,"έ",1976,74283,18,13,18,50,155,814,1208,2104,3615,5314,6319,6927,10051,12083,11127,8625,4258,1584
5,"έ",1977,74656,17,12,18,57,103,779,1234,2254,3778,5195,6484,6656,9935,11864,11020,9086,4567,1599
5,"έ",1978,73466,22,12,21,49,112,686,1273,2223,3439,5119,6937,6706,9251,11603,10705,9071,4519,1715
5,"έ",1979,78134,17,13,17,36,140,638,1370,2364,3382,5243,7658,7767,9626,12058,11590,9350,4896,1971
5,"έ",1980,79405,5,8,5,12,138,529,1422,2170,3206,5369,7452,8275,9481,12169,12436,9436,5162,2130
5,"έ",1981,81050,0,8,0,5,134,445,1424,1936,3376,5361,7430,8896,9499,12220,12902,9470,5617,2326
5,"έ",1982,80735,1,6,0,6,153,475,1377,1876,3439,5106,7575,9236,9134,11738,12545,9565,5956,2543
5,"έ",1983,85208,1,0,0,6,185,449,1334,1994,3584,4966,8353,10070,9761,11859,13090,10001,6633,2918
5,"έ",1984,88029,1,1,0,24,146,529,1276,2109,3770,4953,8376,10662,10496,11478,13382,10611,6820,3396
5,"έ",1985,95078,0,0,0,45,99,469,1199,2845,3870,5199,8459,11479,11735,12110,14565,11694,7344,3966
5,"έ",1986,95567,0,0,0,55,102,388,1061,2930,3477,5242,8296,11459,12411,12273,14390,12236,7154,4087
5,"έ",1987,97054,0,0,0,62,101,324,924,2763,3485,5165,7981,11524,13329,12434,14325,12676,7433,4529
5,"έ",1988,97897,0,0,0,59,119,301,834,2389,3534,5383,8037,11235,13939,12620,13874,12897,7895,4778
5,"έ",1989,99721,9,0,2,53,128,283,766,2156,3772,5539,7587,11155,14282,13541,13672,13159,8373,5243
5,"έ",1990,99256,2,0,0,23,116,270,770,2132,4117,4969,7478,11043,14361,14302,13254,12689,8705,5025
5,"έ",1991,101650,0,0,0,28,132,219,717,1911,4489,4379,7290,11254,14738,15284,13577,12835,9459,5338
5,"έ",1992,103222,0,4,0,26,137,228,748,1726,4479,4377,7447,10956,14858,16033,13732,12951,9778,5742
5,"έ",1993,102281,2,6,0,35,107,279,702,1478,3870,4503,7123,10595,14403,16427,13843,12617,10209,6082
5,"έ",1994,102525,9,6,0,18,83,282,714,1426,3345,4708,7209,10052,14295,16891,14488,12273,10276,6450
5,"έ",1995,101330,5,0,0,17,74,227,537,1200,2588,4997,6430,9271,13528,16557,15432,12580,10292,7595
5,"έ",1996,101096,5,0,0,8,64,192,435,1129,2337,5303,5824,9185,13506,16457,16431,12074,10136,8010
5,"έ",1997,101745,0,0,0,12,61,190,430,1085,2181,5184,5757,9042,13197,16431,17278,12180,10126,8591
5,"έ",1998,102446,0,0,0,12,68,196,424,1075,1948,4588,5921,9257,13025,16372,17798,12614,10072,9076
5,"έ",1999,102588,0,0,0,14,87,199,403,972,1854,4037,6215,9341,12141,16019,18153,13632,9939,9582
5,"έ",2000,102785,2,0,0,12,79,167,409,862,1736,3541,6712,8922,11888,15825,18033,14565,10155,9877
5,"έ",2001,107726,2,0,1,15,64,199,455,794,1800,3470,7951,8357,12555,16934,19355,16482,9672,9621
5,"έ",2002,106760,0,0,0,15,47,149,430,814,1679,3097,6884,8988,12237,16172,18577,16291,10557,10823
5,"έ",2003,110323,0,0,0,19,64,140,388,699,1661,2842,6290,9466,12296,16171,19221,17748,11322,11996
5,"έ",2004,109772,0,0,6,6,62,194,447,780,1307,3165,6057,10018,12589,15844,19440,17472,11182,11203
5,"έ",2005,117137,4,0,0,10,46,107,449,834,1841,2795,5818,10708,13663,17040,20330,19366,12632,11494
5,"έ",2006,116911,0,0,0,12,67,151,404,897,1449,2789,5034,11384,12247,16821,20493,19042,13669,12452
5,"έ",2007,117320,0,1,0,4,43,142,353,694,1422,2544,4593,10303,12460,16526,20553,19701,14910,13071
5,"έ",2008,122910,5,6,8,6,36,120,344,847,1303,2564,4277,10026,13441,17543,21226,20499,16285,14374
5,"έ",2009,122632,5,0,4,8,53,115,330,828,1232,2198,4438,8879,13778,17359,20518,21072,16640,15175
5,"έ",2010,125730,0,0,0,9,51,117,280,786,1253,2218,4172,8618,15358,17281,21159,21748,17335,15345
5,"έ",2011,132033,0,0,0,0,32,147,317,682,1205,2281,4143,8265,16506,17263,22024,23542,18942,16684
5,"έ",2012,132159,4,5,0,7,37,99,260,727,1242,2079,3952,7736,15957,18038,22726,23238,19034,17018
5,"έ",2013,131893,3,0,6,14,39,89,318,691,1506,2112,3563,7097,14737,19243,23142,23711,19096,16526
5,"έ",2014,129239,10,0,1,8,36,128,228,604,1262,1861,3558,6598,12828,19317,22963,23199,19363,17275
5,"έ",2015,128881,3,0,1,13,39,90,244,622,1199,2018,3332,6106,11655,20257,23286,22686,19423,17907
6,"‹’°",1975,9062,17,26,20,35,45,99,157,256,400,669,722,778,1176,1253,1452,1156,558,242
6,"‹’°",1976,9893,11,16,14,29,58,116,136,279,418,650,831,956,1311,1327,1423,1291,697,328
6,"‹’°",1977,10838,12,12,14,28,41,114,133,276,440,692,913,1042,1470,1621,1552,1351,742,389
6,"‹’°",1978,12373,12,12,12,31,52,92,144,328,467,712,998,1173,1627,1927,1852,1596,875,464
6,"‹’°",1979,13002,12,12,12,28,50,72,184,360,458,680,1171,1156,1573,2100,1991,1821,894,428
6,"‹’°",1980,14136,0,0,0,16,42,55,222,312,478,781,1313,1327,1704,2106,2159,2076,1080,463
6,"‹’°",1981,15932,0,0,0,2,53,68,236,274,577,895,1441,1635,1860,2180,2632,2212,1323,543
6,"‹’°",1982,18281,0,0,0,11,63,67,228,336,645,1024,1570,2079,2112,2399,2996,2291,1707,751
6,"‹’°",1983,19960,0,0,6,10,54,50,214,384,627,1077,1711,2312,2413,2497,3310,2563,1883,848
6,"‹’°",1984,21592,0,0,6,11,51,47,187,470,690,1018,1988,2381,2697,2702,3456,2848,2083,961
6,"‹’°",1985,23200,0,0,5,10,50,51,183,537,667,1043,2062,2563,2783,2899,3672,3242,2177,1256
6,"‹’°",1986,25371,0,0,1,11,31,63,180,593,680,1131,2218,2748,3186,3149,3991,3641,2186,1555
6,"‹’°",1987,28295,0,0,7,9,38,66,169,571,760,1306,2354,3146,3784,3529,4244,4078,2364,1874
6,"‹’°",1988,31330,0,0,11,17,35,77,190,502,862,1533,2560,3566,4340,4076,4419,4323,2720,2100
6,"‹’°",1989,34019,0,0,13,20,43,56,169,476,1025,1776,2676,3721,4827,4765,4426,4563,3196,2262
6,"‹’°",1990,37711,0,0,5,15,53,101,153,487,1209,1853,2965,4185,5668,5457,4748,5032,3530,2250
6,"‹’°",1991,41856,0,0,4,18,52,104,167,551,1421,1775,3282,4656,6417,6242,5481,5385,3890,2411
6,"‹’°",1992,46817,0,0,5,21,69,136,184,545,1387,1899,3563,5394,7043,7357,6354,5791,4379,2690
6,"‹’°",1993,48928,0,0,5,20,43,112,211,499,1254,2066,3549,5514,7273,8066,6744,6073,4642,2857
6,"‹’°",1994,50541,0,0,3,15,60,87,201,431,1094,2125,3666,5364,7230,8647,7275,6243,4941,3159
6,"‹’°",1995,51180,0,0,0,11,33,103,166,348,931,2306,3551,4870,7174,8664,7712,6260,5156,3895
6,"‹’°",1996,53956,0,0,0,12,43,83,173,378,879,2598,3185,5028,7657,8973,8819,6444,5372,4312
6,"‹’°",1997,55356,0,0,2,11,48,80,189,418,829,2519,3155,5200,7581,9260,9407,6627,5358,4672
6,"‹’°",1998,57251,0,0,3,9,44,79,178,435,819,2205,3232,5361,7497,9493,10051,7073,5629,5143
6,"‹’°",1999,59083,0,0,4,11,27,91,191,440,793,1870,3458,5652,7224,9643,10471,7938,5583,5687
6,"‹’°",2000,60147,0,0,4,13,21,109,196,441,836,1674,3778,5202,7246,9541,10522,8559,5941,6064
6,"‹’°",2001,65795,1,2,5,23,31,87,245,424,898,1818,4523,5176,7863,10474,11898,10093,5965,6269
6,"‹’°",2002,66427,0,2,2,22,48,79,236,431,815,1642,3861,5400,7843,10125,11577,10133,6903,7308
6,"‹’°",2003,65121,0,3,0,10,29,90,241,418,685,1347,3178,4926,7444,9343,11434,10270,7552,8151
6,"‹’°",2004,64727,0,0,11,10,40,94,214,476,754,1234,3269,5027,7796,8903,11130,10691,7428,7650
6,"‹’°",2005,68195,0,0,17,6,8,87,232,484,812,1361,3346,5570,7665,10225,11179,10973,8252,7978
6,"‹’°",2006,69901,1,8,14,18,24,112,215,536,865,1442,2789,6143,7294,9800,11934,11710,8112,8884
6,"‹’°",2007,71194,11,0,1,13,18,70,175,504,797,1303,2619,6090,7299,9981,11946,11593,9136,9638
6,"‹’°",2008,74285,5,0,1,18,23,73,215,489,838,1439,2722,5897,7662,10077,12108,12411,10367,9940
6,"‹’°",2009,76221,0,0,1,11,25,86,227,558,873,1393,2778,5294,8042,10439,12191,12313,10872,11118
6,"‹’°",2010,78874,0,0,1,4,34,81,183,547,972,1381,2577,4927,8885,10472,12322,13110,11253,12125
6,"‹’°",2011,82268,0,0,0,21,20,133,207,611,906,1601,2448,5182,10138,10364,12764,13932,11203,12738
6,"‹’°",2012,87797,0,2,6,6,48,102,189,532,1167,1708,2619,4946,10297,11202,13693,14825,12543,13912
6,"‹’°",2013,87701,0,5,4,13,33,83,230,555,1263,1632,3061,4828,9522,11533,14246,14618,12604,13471
6,"‹’°",2014,89629,0,0,7,17,26,98,198,540,1213,1783,2742,4655,8963,12460,14754,14776,12911,14486
6,"‹’°",2015,92777,0,0,4,9,26,80,263,564,1250,1755,3052,4728,8309,13672,15210,14906,13607,15342
7,"’Ό’° *1",1975,9110,16,16,19,29,31,93,182,277,370,560,758,923,1088,1298,1384,1161,660,240
7,"’Ό’° *1",1976,9218,10,11,12,22,20,97,149,214,341,613,767,1000,1031,1307,1402,1221,734,265
7,"’Ό’° *1",1977,9883,12,12,14,23,22,99,156,272,426,667,886,1037,1087,1383,1444,1296,745,304
7,"’Ό’° *1",1978,9994,10,10,10,20,21,59,156,297,514,647,977,1042,1174,1432,1224,1253,836,308
7,"’Ό’° *1",1979,11309,11,11,11,22,23,44,193,431,577,795,1204,1162,1346,1635,1329,1341,833,343
7,"’Ό’° *1",1980,11457,0,0,0,7,4,32,196,400,501,758,984,1218,1463,1777,1575,1267,893,384
7,"’Ό’° *1",1981,12911,0,0,13,2,9,34,232,344,517,998,1060,1365,1609,2006,1898,1392,984,445
7,"’Ό’° *1",1982,13840,0,0,13,0,9,28,170,290,609,1064,1243,1524,1682,2010,2151,1451,1103,490
7,"’Ό’° *1",1983,15178,0,0,14,3,17,10,144,225,702,1122,1486,1739,1815,2159,2182,1705,1286,564
7,"’Ό’° *1",1984,15824,0,0,1,3,10,17,134,227,834,1016,1478,1941,2037,2202,2146,1862,1335,581
7,"’Ό’° *1",1985,16621,7,0,1,12,23,30,145,251,606,1052,1573,2122,2086,2180,2317,2047,1430,736
7,"’Ό’° *1",1986,17258,7,0,0,7,29,39,139,322,619,1018,1624,2275,2356,2130,2385,2125,1373,806
7,"’Ό’° *1",1987,18309,7,0,3,8,34,34,115,343,593,1043,1704,2441,2608,2205,2556,2281,1390,945
7,"’Ό’° *1",1988,19858,0,0,3,11,20,30,90,354,693,1182,1732,2742,2921,2475,2763,2412,1383,1045
7,"’Ό’° *1",1989,21385,0,0,7,8,15,34,74,323,787,1308,1803,2818,3301,2938,2879,2408,1511,1169
7,"’Ό’° *1",1990,23021,0,0,3,4,12,34,107,299,869,1379,1953,3012,3557,3446,3099,2440,1633,1174
7,"’Ό’° *1",1991,24044,0,0,3,0,27,33,98,281,913,1284,2002,3135,3886,3630,3117,2590,1851,1194
7,"’Ό’° *1",1992,25785,0,0,0,0,28,31,117,289,861,1360,2099,3350,4231,3998,3292,2875,1987,1267
7,"’Ό’° *1",1993,26122,0,0,0,0,30,30,126,293,790,1337,2112,3451,4331,4218,3253,2841,2030,1280
7,"’Ό’° *1",1994,26327,0,0,0,5,23,32,125,303,727,1332,2191,3363,4168,4354,3433,2812,2164,1295
7,"’Ό’° *1",1995,28259,0,0,0,2,25,35,128,262,679,1580,2369,3248,4257,4732,3983,2883,2421,1655
7,"’Ό’° *1",1996,29152,0,0,0,2,28,39,115,252,634,1736,2210,3252,4285,4851,4518,2951,2442,1837
7,"’Ό’° *1",1997,29991,0,0,0,5,21,41,119,228,585,1681,2240,3313,4350,4976,4902,3099,2345,2086
7,"’Ό’° *1",1998,31582,0,0,0,5,21,59,121,241,580,1528,2392,3525,4494,5267,5288,3325,2492,2244
7,"’Ό’° *1",1999,31206,0,0,0,8,17,51,136,272,534,1331,2430,3609,4310,5109,5232,3448,2382,2337
7,"’Ό’° *1",2000,31990,0,0,0,3,15,62,137,270,566,1273,2662,3508,4390,5224,5210,3718,2535,2417
7,"’Ό’° *1",2001,34342,0,0,0,3,12,43,175,299,567,1274,3193,3316,4819,5693,5661,4425,2442,2417
7,"’Ό’° *1",2002,38768,0,0,0,10,11,47,182,325,673,1271,3105,4194,5620,6432,6196,4969,2956,2777
7,"’Ό’° *1",2003,33794,0,0,1,8,5,27,145,278,659,1123,2434,3726,4824,5339,5347,4527,2709,2642
7,"’Ό’° *1",2004,32539,0,0,0,0,5,41,136,441,499,1041,2293,3743,4500,5073,5145,4299,2661,2662
7,"’Ό’° *1",2005,35861,0,0,0,5,4,26,183,360,730,1208,2363,4191,4955,5281,5589,4945,3048,2973
7,"’Ό’° *1",2006,37003,0,0,0,0,24,39,157,344,624,1316,2255,4399,4611,5690,5957,5210,3502,2875
7,"’Ό’° *1",2007,37946,0,0,0,1,9,56,199,344,619,1048,2276,4526,5190,5768,5643,5441,3623,3203
7,"’Ό’° *1",2008,38487,0,0,0,4,23,76,124,387,615,1095,1959,4014,5116,6111,6245,5525,3827,3366
7,"’Ό’° *1",2009,40121,0,0,0,8,5,61,123,351,701,1154,2178,4028,5545,6373,6490,5473,4030,3601
7,"’Ό’° *1",2010,40105,4,0,0,1,12,35,116,439,741,1190,2004,3753,5669,6200,6262,5611,4285,3783
7,"’Ό’° *1",2011,42653,0,0,0,0,17,73,180,362,761,1541,2299,3763,6727,6003,6509,5952,4226,4240
7,"’Ό’° *1",2012,46778,0,0,0,0,34,79,142,535,863,1385,2435,3977,7231,6743,7433,6467,5068,4386
7,"’Ό’° *1",2013,43688,0,0,0,5,18,45,193,454,839,1331,2312,3533,6584,6784,6985,6076,4582,3947
7,"’Ό’° *1",2014,45805,1,0,1,2,11,65,168,524,975,1541,2428,3680,6317,7439,7440,6297,4670,4246
7,"’Ό’° *1",2015,47562,0,0,1,6,35,62,125,443,983,1564,2651,3818,6094,8173,7660,6608,4850,4489
8,"Μ‘",1975,10835,67,18,30,22,28,49,126,134,405,858,913,1249,1427,1619,1685,1311,627,265
8,"Μ‘",1976,11571,70,15,16,13,23,37,122,145,496,954,1037,1359,1523,1789,1732,1337,665,239
8,"Μ‘",1977,11761,65,13,15,13,21,34,117,131,531,1037,1140,1268,1615,1863,1678,1342,658,217
8,"Μ‘",1978,12672,47,18,15,12,28,25,90,130,513,1173,1414,1327,1733,1980,1736,1470,693,268
8,"Μ‘",1979,13915,35,16,12,12,25,22,85,178,474,1227,1554,1622,1957,2141,1913,1510,769,359
8,"Μ‘",1980,15137,24,6,1,6,8,16,79,155,429,1270,1803,1875,2043,2211,2152,1550,1083,426
8,"Μ‘",1981,16569,17,2,0,5,2,15,117,183,504,1280,1949,2326,2116,2491,2451,1483,1163,462
8,"Μ‘",1982,18095,19,2,4,5,2,25,126,177,503,1270,2306,2730,2367,2540,2529,1686,1327,477
8,"Μ‘",1983,19776,14,4,5,0,6,22,124,231,546,1261,2555,3202,2721,2640,2771,1818,1303,552
8,"Μ‘",1984,21895,12,5,5,3,6,23,102,238,502,1154,2950,3653,3211,2753,2906,2173,1595,606
8,"Μ‘",1985,23547,15,5,5,11,16,34,62,323,475,1091,2739,4020,3471,3171,3165,2505,1653,787
8,"Μ‘",1986,25069,24,3,5,8,20,30,62,345,433,1052,2867,4272,4012,3450,3247,2747,1637,854
8,"Μ‘",1987,27155,27,0,5,8,12,23,52,300,466,1034,2791,4914,4596,3699,3620,2882,1737,989
8,"Μ‘",1988,28162,27,5,8,9,25,8,91,241,557,1009,2697,4908,5220,3888,3710,2939,1796,1028
8,"Μ‘",1989,29092,15,4,6,3,30,7,100,195,625,1019,2343,4961,5619,4299,3723,2973,1992,1183
8,"Μ‘",1990,32327,21,6,8,7,50,26,102,241,827,1303,2367,5601,6379,4945,3913,3054,2149,1328
8,"Μ‘",1991,33587,30,6,4,11,40,31,82,215,822,1196,2306,5525,6700,5537,4039,3307,2305,1431
8,"Μ‘",1992,35297,29,12,8,13,34,27,65,214,786,1257,2247,5330,7220,6327,4189,3544,2475,1520
8,"Μ‘",1993,35800,41,9,9,22,24,17,40,206,572,1225,2191,4689,7454,6965,4517,3610,2544,1665
8,"Μ‘",1994,35188,39,6,9,11,18,26,41,196,532,1236,2080,4089,7083,7285,4925,3478,2504,1630
8,"Μ‘",1995,40831,24,11,3,8,17,24,36,135,458,1392,2368,4071,7767,8527,6506,4338,2991,2155
8,"Μ‘",1996,40128,26,11,2,4,18,22,42,105,407,1349,1992,3767,7201,8553,6983,4361,3096,2189
8,"Μ‘",1997,39241,46,14,5,3,17,25,41,90,361,1218,1903,3515,6689,8292,7109,4249,3205,2459
8,"Μ‘",1998,40059,36,8,10,5,23,31,44,111,316,1057,2057,3606,6267,8406,7608,4540,3304,2630
8,"Μ‘",1999,39816,45,6,9,9,20,29,39,128,312,968,2104,3560,5550,8188,7734,4919,3356,2840
8,"Μ‘",2000,40053,37,3,5,11,20,26,57,132,300,877,2207,3350,5270,8140,8002,5286,3443,2887
8,"Μ‘",2001,40472,47,4,2,7,12,11,66,105,337,804,2513,3085,4984,7967,8409,5953,3332,2835
8,"Μ‘",2002,40604,33,5,5,8,16,26,57,103,346,722,2231,3335,4980,7316,8226,6081,3826,3288
8,"Μ‘",2003,42661,12,2,14,0,19,24,46,92,302,641,2038,3289,4964,7279,8900,7132,4355,3552
8,"Μ‘",2004,41515,28,6,0,3,1,9,82,160,240,678,1803,3467,4860,7271,8771,7022,3876,3238
8,"Μ‘",2005,42194,38,0,0,0,10,27,86,178,352,563,1773,3502,5233,6630,8409,7503,4508,3382
8,"Μ‘",2006,42893,28,4,0,0,13,32,89,154,366,686,1544,3586,4691,6187,9108,7716,4843,3846
8,"Μ‘",2007,45367,49,0,1,2,2,18,72,162,262,708,1479,3532,4698,6623,9557,8278,5433,4491
8,"Μ‘",2008,48512,49,7,1,7,12,1,56,153,297,628,1515,3739,4862,6977,9503,9357,6594,4754
8,"Μ‘",2009,48003,34,2,5,4,15,12,74,140,274,670,1349,2996,5219,6688,8924,9599,6630,5368
8,"Μ‘",2010,47271,51,4,11,3,12,15,30,117,258,587,1177,2810,5405,6587,8350,9727,6784,5343
8,"Μ‘",2011,43840,44,13,4,5,15,6,30,147,275,529,1089,2238,4957,5994,7370,8860,6929,5335
8,"Μ‘",2012,43677,44,6,2,6,7,41,54,150,243,511,1002,2369,4658,5862,7177,8898,6866,5781
8,"Μ‘",2013,40938,41,6,4,6,1,8,46,81,286,545,1019,2017,4311,5507,6813,8104,6853,5290
8,"Μ‘",2014,40666,51,9,7,1,12,18,29,82,251,495,1073,1843,3844,5541,7052,7533,7205,5620
8,"Μ‘",2015,39898,33,6,5,0,14,13,22,103,196,479,932,1747,3358,5579,6736,7585,7036,6054
9,"’_”XE’_Η",1975,5340,16,28,17,21,19,17,36,54,115,242,384,430,675,913,1041,734,463,131
9,"’_”XE’_Η",1976,5686,10,23,12,14,13,28,31,77,100,268,471,448,682,975,1028,852,501,152
9,"’_”XE’_Η",1977,6088,10,10,12,14,13,29,23,69,98,362,471,541,761,990,1080,907,487,206
9,"’_”XE’_Η",1978,6371,10,10,10,13,17,36,18,67,101,346,436,591,813,1063,1165,1035,421,215
9,"’_”XE’_Η",1979,6861,10,18,10,12,18,27,18,51,87,323,416,670,886,1038,1324,1204,488,257
9,"’_”XE’_Η",1980,7737,0,7,0,0,5,29,7,55,106,288,414,810,986,1156,1612,1350,659,257
9,"’_”XE’_Η",1981,8481,0,7,0,0,0,23,8,60,110,283,473,789,980,1335,1765,1503,837,307
9,"’_”XE’_Η",1982,9121,0,0,0,0,0,23,22,63,142,313,536,799,953,1442,1867,1493,1088,380
9,"’_”XE’_Η",1983,10095,0,0,0,0,0,7,25,62,197,372,587,818,1008,1665,2087,1553,1213,500
9,"’_”XE’_Η",1984,10558,0,0,0,0,5,10,40,65,235,334,609,928,1053,1649,1941,1709,1336,641
9,"’_”XE’_Η",1985,11731,0,0,0,6,16,2,40,64,243,335,554,962,1277,1715,2081,2178,1457,794
9,"’_”XE’_Η",1986,12152,0,0,0,6,10,6,30,95,205,325,507,1016,1395,1695,2085,2351,1577,848
9,"’_”XE’_Η",1987,13145,0,0,0,10,11,4,28,108,171,367,614,958,1536,1675,2396,2505,1769,992
9,"’_”XE’_Η",1988,13322,0,0,0,9,9,4,26,132,157,350,658,975,1516,1703,2339,2458,1813,1174
9,"’_”XE’_Η",1989,13799,2,0,0,9,4,2,38,108,155,329,625,994,1503,1871,2272,2560,1950,1376
9,"’_”XE’_Η",1990,13770,0,0,0,0,3,5,15,75,190,282,523,1021,1467,2024,2225,2548,1909,1483
9,"’_”XE’_Η",1991,14681,0,0,0,0,5,10,11,59,198,294,506,1023,1484,2244,2294,2786,2160,1607
9,"’_”XE’_Η",1992,15068,0,0,0,0,4,10,18,56,237,305,537,1036,1429,2292,2441,2803,2217,1683
9,"’_”XE’_Η",1993,15514,0,0,0,0,0,8,20,49,215,336,509,1062,1438,2448,2546,2672,2392,1819
9,"’_”XE’_Η",1994,15622,0,0,0,0,0,8,24,47,173,328,594,983,1469,2382,2667,2515,2443,1989
9,"’_”XE’_Η",1995,16003,0,0,0,0,3,16,15,61,124,338,505,858,1434,2269,2589,2629,2661,2501
9,"’_”XE’_Η",1996,16438,0,0,0,0,0,15,16,51,111,378,436,898,1481,2207,2634,2727,2790,2694
9,"’_”XE’_Η",1997,16953,0,0,0,0,0,16,3,49,108,340,438,956,1525,2276,2695,2768,2874,2905
9,"’_”XE’_Η",1998,17551,0,0,0,0,0,6,7,45,97,295,425,998,1559,2260,2907,2899,2931,3122
9,"’_”XE’_Η",1999,17567,0,0,0,0,0,6,10,54,74,234,466,952,1422,2262,2856,3111,2832,3288
9,"’_”XE’_Η",2000,17238,0,0,0,0,1,6,12,43,77,221,520,843,1401,2074,2742,3070,2867,3361
9,"’_”XE’_Η",2001,17846,0,0,0,0,1,14,10,28,80,206,710,823,1459,2135,2828,3418,2751,3381
9,"’_”XE’_Η",2002,17876,0,0,0,1,0,5,7,19,82,188,587,804,1389,1911,2722,3190,3113,3858
9,"’_”XE’_Η",2003,18955,0,0,0,4,0,1,10,27,101,187,523,747,1429,2031,2757,3455,3524,4159
9,"’_”XE’_Η",2004,19691,0,0,4,0,0,3,34,54,63,209,539,826,1358,2246,2954,3532,3517,4352
9,"’_”XE’_Η",2005,18636,0,0,0,0,16,1,6,65,54,145,491,743,1389,2042,2806,3461,3468,3949
9,"’_”XE’_Η",2006,20098,0,0,0,0,0,20,4,55,32,168,376,925,1326,2059,3179,3763,3598,4593
9,"’_”XE’_Η",2007,20734,0,0,0,0,0,7,8,39,74,196,420,1019,1292,2161,3173,3832,3703,4810
9,"’_”XE’_Η",2008,21739,2,2,0,0,1,3,20,38,75,185,396,947,1371,2211,3234,3945,4130,5179
9,"’_”XE’_Η",2009,22707,0,0,0,0,9,5,20,23,98,204,395,934,1508,2499,3233,4120,4265,5394
9,"’_”XE’_Η",2010,22636,0,0,0,0,2,2,22,38,61,169,353,836,1674,2375,3063,3919,4268,5854
9,"’_”XE’_Η",2011,23606,0,0,0,0,0,0,1,50,92,129,427,778,1849,2197,3262,4222,4554,6045
9,"’_”XE’_Η",2012,23623,0,0,0,0,1,0,9,60,109,122,302,567,1827,2205,3189,4392,4535,6305
9,"’_”XE’_Η",2013,22102,0,0,0,0,7,8,8,40,132,180,328,730,1522,2107,3160,3954,4291,5635
9,"’_”XE’_Η",2014,22257,0,0,0,1,6,2,4,41,84,131,304,601,1404,2203,3208,4093,4329,5846
9,"’_”XE’_Η",2015,22281,0,0,0,0,9,6,10,49,83,147,351,632,1332,2393,3221,3808,4205,6035
10,"δX‘",1975,6075,16,16,18,26,24,26,51,121,220,373,438,666,888,1101,873,793,241,181
10,"δX‘",1976,6484,10,11,13,17,26,34,40,145,183,395,428,704,844,1421,929,828,298,158
10,"δX‘",1977,6484,10,10,12,16,24,34,46,122,175,423,418,702,829,1421,958,747,389,147
10,"δX‘",1978,7112,10,14,11,16,21,28,52,166,172,441,506,730,854,1448,1071,957,468,147
10,"δX‘",1979,7537,10,18,11,12,12,19,63,145,136,402,526,832,992,1341,1248,1031,549,185
10,"δX‘",1980,8362,0,8,0,6,0,18,74,127,133,393,623,862,1035,1470,1558,1228,624,199
10,"δX‘",1981,8528,0,6,5,5,0,14,66,91,150,336,704,876,1038,1458,1592,1217,755,217
10,"δX‘",1982,9119,0,0,5,0,0,17,70,85,168,377,729,878,1069,1601,1630,1365,812,315
10,"δX‘",1983,9774,0,0,5,0,1,5,67,76,169,357,778,1013,1135,1574,1729,1427,1040,399
10,"δX‘",1984,10412,0,0,0,0,0,8,68,70,223,369,663,1052,1247,1526,1902,1564,1166,553
10,"δX‘",1985,11497,0,0,0,0,0,9,33,102,242,394,690,1088,1508,1656,1992,1882,1221,682
10,"δX‘",1986,12315,3,0,0,3,6,12,29,101,210,382,649,1145,1673,1710,2147,2083,1343,819
10,"δX‘",1987,12866,4,7,0,3,14,8,33,109,198,390,692,1193,1686,1751,2221,2197,1426,939
10,"δX‘",1988,13750,4,7,0,2,17,4,29,96,170,437,747,1266,1734,1906,2283,2376,1617,1056
10,"δX‘",1989,13935,1,11,0,0,18,0,30,104,192,476,668,1206,1708,2073,2152,2391,1747,1159
10,"δX‘",1990,14583,0,4,0,0,8,5,14,128,254,495,714,1268,1872,2235,2253,2458,1761,1114
10,"δX‘",1991,14656,1,4,0,0,7,9,14,113,306,423,685,1229,1913,2284,2222,2482,1822,1142
10,"δX‘",1992,15307,1,1,1,0,6,11,8,74,300,442,784,1253,2046,2343,2283,2550,1968,1236
10,"δX‘",1993,16135,0,1,1,4,13,14,13,68,290,501,814,1239,2074,2493,2404,2635,2103,1468
10,"δX‘",1994,16149,0,1,1,3,12,18,25,55,228,562,867,1197,1974,2492,2439,2496,2195,1584
10,"δX‘",1995,17218,0,0,4,4,8,8,37,53,201,575,763,1232,1920,2527,2906,2555,2452,1973
10,"δX‘",1996,17507,1,0,3,0,4,5,33,42,163,611,719,1228,2022,2528,2952,2611,2524,2061
10,"δX‘",1997,18237,1,0,4,1,4,4,23,50,157,547,712,1330,2024,2668,3067,2776,2567,2302
10,"δX‘",1998,18793,0,1,3,0,1,9,26,55,148,491,860,1421,1968,2699,3172,2924,2609,2406
10,"δX‘",1999,20009,0,1,3,0,3,18,25,58,170,476,923,1628,1978,2755,3401,3219,2596,2755
10,"δX‘",2000,20045,0,0,2,0,2,22,29,56,171,412,977,1559,2020,2707,3359,3240,2722,2767
10,"δX‘",2001,20667,0,0,2,4,3,16,25,58,151,428,1085,1503,2329,2856,3578,3457,2515,2657
10,"δX‘",2002,21386,0,0,1,2,5,5,17,63,164,388,1049,1576,2304,2765,3600,3518,2820,3109
10,"δX‘",2003,22882,0,0,0,0,14,10,7,74,226,391,1121,1632,2526,2960,3830,3738,3002,3351
10,"δX‘",2004,24442,0,1,0,0,0,10,28,61,216,405,1075,1746,2359,3195,4065,4212,3525,3544
10,"δX‘",2005,24799,0,0,1,0,2,18,19,79,187,341,993,1978,2516,3385,4035,4055,3376,3814
10,"δX‘",2006,25490,0,0,2,4,6,1,31,69,144,477,941,1917,2567,3211,3997,4444,3681,3998
10,"δX‘",2007,29025,0,5,0,1,8,12,45,160,156,365,909,2126,3003,3867,4676,4937,4297,4458
10,"δX‘",2008,29584,0,4,1,4,3,10,42,66,170,436,887,2154,2902,3707,4827,5176,4617,4578
10,"δX‘",2009,31183,3,0,2,1,12,7,20,134,238,486,816,1882,3381,4130,4592,5202,4974,5303
10,"δX‘",2010,32330,0,0,5,5,9,6,44,82,219,435,788,1839,3650,4237,4957,5669,5037,5348
10,"δX‘",2011,33095,0,0,11,0,0,0,21,99,271,417,851,1827,3760,4198,5105,5818,5026,5691
10,"δX‘",2012,34802,0,0,6,7,2,20,55,125,259,463,1051,1751,3832,4682,5150,5958,5394,6047
10,"δX‘",2013,34837,0,0,0,4,3,17,44,121,278,602,977,1709,3599,4711,5486,5795,5399,6092
10,"δX‘",2014,36239,1,0,2,0,10,12,39,99,350,515,861,1738,3411,5221,5754,5966,5661,6599
10,"δX‘",2015,37505,4,0,0,3,6,14,36,97,239,533,973,1811,3178,5534,6099,6252,5863,6863
11,"A“",1975,1418,10,10,12,14,13,11,12,12,31,35,89,160,236,219,251,141,119,44
11,"A“",1976,1876,9,10,11,12,12,11,10,16,37,70,135,211,298,343,327,181,127,54
11,"A“",1977,1909,9,9,11,12,11,12,14,17,35,82,141,203,236,449,308,225,89,49
11,"A“",1978,1943,9,9,9,11,10,11,14,26,32,79,197,207,203,471,294,249,71,43
11,"A“",1979,2125,8,8,8,10,10,11,13,22,39,99,266,237,236,455,296,275,88,39
11,"A“",1980,2345,0,0,0,0,0,0,0,26,27,101,267,298,320,509,305,346,110,32
11,"A“",1981,2382,0,0,0,0,0,0,3,4,31,105,245,311,353,488,339,361,111,29
11,"A“",1982,2436,0,0,0,0,0,0,9,9,22,69,218,375,381,465,339,387,119,41
11,"A“",1983,2440,0,0,0,0,0,0,13,8,37,81,220,350,397,393,411,343,134,50
11,"A“",1984,2880,0,0,0,0,0,0,8,10,37,80,269,433,491,413,530,356,194,57
11,"A“",1985,2878,0,0,0,0,0,5,11,15,45,128,285,380,472,469,461,341,181,90
11,"A“",1986,2809,0,0,0,0,0,3,6,11,23,94,227,432,534,407,448,345,192,86
11,"A“",1987,2834,0,0,0,0,0,7,8,10,19,80,167,501,546,438,431,312,203,108
11,"A“",1988,3009,0,0,0,0,0,2,5,15,31,104,189,548,552,482,434,328,211,103
11,"A“",1989,2944,0,0,0,0,0,3,5,9,48,129,160,502,491,574,402,303,219,94
11,"A“",1990,3300,0,0,1,0,0,0,6,14,61,128,198,452,632,654,417,416,218,103
11,"A“",1991,3250,0,0,1,0,0,0,2,15,73,91,167,476,623,652,402,420,217,111
11,"A“",1992,3392,0,0,1,0,0,0,2,16,61,95,216,474,601,712,401,463,232,118
11,"A“",1993,3068,0,0,0,0,0,0,7,11,37,89,214,417,526,614,437,365,233,118
11,"A“",1994,3211,4,0,0,0,0,0,9,12,17,120,232,362,539,660,487,390,248,131
11,"A“",1995,3384,4,0,0,0,0,3,0,12,18,116,244,345,522,714,632,366,265,143
11,"A“",1996,3408,4,0,0,0,1,4,2,5,19,142,222,353,506,675,660,386,274,155
11,"A“",1997,3419,0,0,0,0,0,4,2,0,28,123,199,417,483,705,672,347,284,155
11,"A“",1998,3375,0,0,0,0,0,0,3,0,40,120,191,397,520,661,658,343,265,177
11,"A“",1999,3361,0,0,0,0,3,0,0,6,43,83,223,422,482,646,664,376,243,170
11,"A“",2000,3459,0,0,0,0,3,0,0,6,39,73,265,385,485,609,681,467,253,193
11,"A“",2001,3414,0,0,0,0,0,0,1,10,21,55,287,335,457,570,694,562,254,170
11,"A“",2002,3601,0,0,1,0,8,0,2,4,19,64,256,412,525,610,676,573,269,182
11,"A“",2003,4369,0,0,2,0,19,0,7,8,31,110,231,471,663,796,793,708,343,187
11,"A“",2004,3434,0,0,0,0,0,0,0,8,12,80,171,370,569,572,683,529,256,184
11,"A“",2005,4117,0,0,0,0,0,0,0,12,30,42,164,468,754,701,573,731,386,256
11,"A“",2006,3725,0,0,0,0,0,0,3,18,13,52,190,355,628,708,671,591,305,191
11,"A“",2007,4284,0,0,0,0,0,3,0,5,11,57,220,489,613,814,774,660,427,211
11,"A“",2008,5295,1,0,0,0,0,0,1,24,43,86,178,459,827,925,941,857,631,322
11,"A“",2009,4776,0,0,0,0,0,0,0,19,18,68,169,377,749,898,823,820,517,318
11,"A“",2010,4970,0,0,0,0,2,0,9,15,28,37,161,399,760,896,897,813,602,351
11,"A“",2011,4466,0,0,0,0,0,0,0,2,23,63,150,342,704,850,708,681,542,401
11,"A“",2012,5325,0,0,0,0,0,0,3,13,20,47,163,388,857,950,965,859,727,333
11,"A“",2013,4954,0,0,0,0,0,0,5,9,10,65,179,380,692,867,951,805,538,453
11,"A“",2014,5032,0,0,0,0,0,1,10,4,20,68,153,306,683,943,1057,788,595,404
11,"A“",2015,5505,0,0,0,0,0,0,2,5,38,82,159,312,655,1117,1125,838,693,479
12,"”x",1975,17672,22,16,18,32,39,47,73,214,433,868,1028,1423,2470,3261,3588,2613,1150,382
12,"”x",1976,18617,11,12,12,31,26,45,77,196,435,843,1202,1436,2558,3613,3537,2818,1305,458
12,"”x",1977,19946,10,11,12,48,26,61,93,166,448,893,1327,1431,2760,3986,3646,3022,1479,526
12,"”x",1978,21230,10,11,10,41,23,77,108,157,409,813,1461,1485,2857,4329,4052,3188,1644,557
12,"”x",1979,22903,10,10,10,29,19,69,102,219,364,811,1575,1803,2849,4395,4414,3679,1886,656
12,"”x",1980,24977,0,12,0,6,7,55,97,229,371,914,1632,2139,2961,4565,5053,3942,2260,736
12,"”x",1981,27141,0,12,0,0,4,40,136,244,390,1058,1719,2355,3142,4817,5424,4396,2529,875
12,"”x",1982,28800,0,12,0,2,4,38,135,227,395,1094,1784,2621,3278,4932,5773,4516,2923,1063
12,"”x",1983,30944,0,0,0,7,1,28,181,245,551,1086,1924,2821,3513,4981,5996,5046,3345,1219
12,"”x",1984,33135,2,1,0,8,7,14,141,328,634,936,1859,3294,3931,5019,6311,5525,3690,1433
12,"”x",1985,36773,0,0,0,0,11,25,135,391,608,923,1889,3620,4441,5539,7371,6348,3820,1654
12,"”x",1986,37608,1,0,0,1,21,26,108,412,566,826,1791,3772,4947,5410,7349,6658,3840,1874
12,"”x",1987,39850,0,0,0,1,16,34,93,343,569,935,1981,3959,5448,5678,7436,6941,4233,2187
12,"”x",1988,40898,0,0,4,4,14,40,85,313,570,972,1846,3850,5836,5996,7201,7121,4531,2513
12,"”x",1989,42405,7,0,4,5,0,36,77,295,559,1105,1767,3626,5861,6508,7123,7490,5014,2927
12,"”x",1990,45130,0,0,3,4,15,42,116,308,753,1171,1791,3708,6090,7353,7652,7861,5370,2893
12,"”x",1991,47944,0,0,0,1,21,53,106,308,854,1081,1872,3710,6533,8290,7871,8403,5803,3038
12,"”x",1992,50906,0,0,0,0,31,57,112,283,903,1139,2167,3832,6999,8909,8253,8756,6086,3379
12,"”x",1993,51917,0,0,0,6,22,51,80,260,815,1135,2302,3688,7006,9226,8557,8882,6183,3704
12,"”x",1994,53408,0,0,2,10,23,47,103,255,787,1309,2435,3530,6786,9474,9298,8669,6475,4205
12,"”x",1995,56651,6,0,3,4,32,36,104,284,777,1544,2218,3372,6478,9968,10382,9069,7272,5102
12,"”x",1996,59741,6,0,6,8,18,48,97,285,706,1778,2155,3599,6507,10294,11549,9166,7872,5647
12,"”x",1997,60990,0,2,4,5,17,45,92,259,657,1737,2305,3846,6268,10194,12348,9215,7954,6042
12,"”x",1998,64318,0,2,4,9,9,40,88,267,603,1632,2574,4244,6403,10373,13124,10019,8278,6649
12,"”x",1999,65967,0,2,1,4,15,31,109,228,635,1477,2759,4566,6242,10124,13753,10997,8037,6987
12,"”x",2000,67890,0,0,0,9,16,36,107,244,657,1324,3011,4425,6368,10059,13766,11946,8465,7457
12,"”x",2001,70619,1,3,1,10,20,40,132,207,613,1338,3622,4338,6644,10307,14641,13518,7987,7196
12,"”x",2002,73635,2,2,0,11,8,39,108,226,599,1312,3311,4710,6746,9995,14585,13878,9439,8664
12,"”x",2003,78745,5,0,0,6,5,39,103,301,486,1237,2899,5074,7096,10070,15259,15754,10718,9693
12,"”x",2004,80106,0,0,1,7,35,49,127,231,683,1356,3032,5558,7934,10216,14939,16268,10443,9227
12,"”x",2005,83881,0,0,5,0,0,93,164,278,649,1251,2867,6270,8735,10417,14951,16805,11173,10223
12,"”x",2006,85477,5,0,0,2,45,55,135,317,617,1276,2596,6652,8181,10696,15119,16358,12502,10921
12,"”x",2007,93402,2,1,0,11,5,31,113,361,633,1455,2969,6662,8951,12174,15709,18109,14244,11972
12,"”x",2008,97275,1,2,0,3,29,44,136,354,640,1225,2839,6698,9584,12702,15925,18734,15606,12753
12,"”x",2009,103715,0,1,0,4,22,29,100,365,687,1472,2710,6360,10738,14435,16614,19524,16747,13907
12,"”x",2010,107241,2,0,4,9,24,50,125,349,612,1460,2748,5922,11389,14688,16748,20245,17922,14944
12,"”x",2011,111858,0,0,8,0,32,85,146,411,762,1365,2853,5772,13777,15176,17827,20436,17767,15441
12,"”x",2012,113047,1,0,0,13,41,32,167,368,816,1365,2807,5467,12881,15631,18281,20662,18158,16357
12,"”x",2013,111837,3,0,1,3,16,36,136,345,654,1392,2772,5267,12091,16842,19206,19484,17628,15961
12,"”x",2014,114550,1,0,4,13,20,44,112,306,815,1410,2644,5007,11232,17742,20806,19851,17983,16560
12,"”x",2015,116225,1,0,4,10,15,55,114,355,819,1431,2685,5132,10193,18893,21204,19873,18212,17229
13,"”η•†",1975,1805,21,22,17,20,28,39,25,58,55,67,92,145,194,231,262,278,141,108
13,"”η•†",1976,2009,9,15,22,26,17,58,25,47,61,112,108,120,206,222,292,343,168,161
13,"”η•†",1977,2302,10,11,23,28,17,72,32,52,89,153,124,131,194,242,276,382,253,215
13,"”η•†",1978,2529,11,9,21,31,22,59,39,40,108,172,163,142,268,278,282,368,267,252
13,"”η•†",1979,2429,10,8,9,21,17,46,28,46,106,131,170,173,255,241,270,373,298,225
13,"”η•†",1980,4280,1,9,0,19,14,42,77,96,184,194,294,309,457,478,598,698,465,343
13,"”η•†",1981,4729,8,9,0,20,4,39,102,100,211,220,301,438,362,558,664,706,617,369
13,"”η•†",1982,4773,7,7,9,11,5,21,98,108,188,280,340,421,324,635,670,604,603,442
13,"”η•†",1983,4004,5,1,20,8,6,30,63,62,153,216,280,371,320,515,550,455,575,371
13,"”η•†",1984,4496,1,1,26,7,5,61,45,96,209,222,355,377,411,494,673,544,540,428
13,"”η•†",1985,3996,0,7,13,31,4,39,48,79,153,155,300,357,406,442,575,503,475,408
13,"”η•†",1986,3713,0,5,14,28,10,37,33,95,105,154,281,339,400,359,497,510,442,401
13,"”η•†",1987,4289,0,14,12,38,15,38,34,119,116,187,265,390,459,382,525,611,509,577
13,"”η•†",1988,4269,7,10,12,37,15,46,41,107,142,181,212,402,430,364,519,647,537,562
13,"”η•†",1989,4303,6,14,14,21,7,36,33,85,148,174,240,335,394,415,529,719,492,638
13,"”η•†",1990,5735,2,14,12,17,15,40,52,99,201,211,293,432,567,624,738,930,737,751
13,"”η•†",1991,6016,0,10,8,16,31,32,56,100,186,182,366,411,543,740,750,913,838,834
13,"”η•†",1992,7146,1,13,9,23,31,35,55,108,253,211,374,522,638,887,854,1071,1073,988
13,"”η•†",1993,6885,0,5,6,38,35,47,68,83,204,188,392,487,641,839,874,964,1033,981
13,"”η•†",1994,5490,0,5,7,32,25,51,55,60,157,155,265,381,457,599,742,784,893,822
13,"”η•†",1995,6241,1,2,13,40,46,32,69,77,130,216,248,352,565,796,789,801,924,1140
13,"”η•†",1996,6316,0,2,14,27,33,45,59,78,113,233,242,352,574,735,852,816,946,1195
13,"”η•†",1997,6276,1,3,9,20,26,29,64,85,117,216,241,351,613,757,922,759,867,1196
13,"”η•†",1998,6650,1,6,15,5,23,39,63,75,121,223,296,406,649,700,973,887,910,1258
13,"”η•†",1999,6683,1,6,14,11,23,50,56,96,117,189,320,388,602,746,941,906,926,1291
13,"”η•†",2000,6859,5,4,12,10,25,61,49,79,107,179,341,394,579,744,920,1007,957,1386
13,"”η•†",2001,8208,12,0,9,11,40,84,84,100,119,186,445,401,657,941,1156,1304,994,1668
13,"”η•†",2002,8245,14,0,10,12,35,53,96,85,102,187,302,395,641,895,1119,1311,1082,1906
13,"”η•†",2003,7822,10,0,13,7,28,55,92,148,102,167,244,316,599,870,1013,1151,1098,1909
13,"”η•†",2004,8624,10,2,2,11,27,66,88,106,107,169,305,485,643,860,1274,1493,1181,1795
13,"”η•†",2005,9140,0,0,18,13,34,33,99,105,184,174,260,523,628,1040,1358,1390,1357,1924
13,"”η•†",2006,8590,6,10,1,19,48,60,96,102,67,152,328,599,561,861,1150,1318,1314,1898
13,"”η•†",2007,11362,2,8,7,8,37,57,147,119,203,239,335,631,722,1140,1564,1738,1769,2636
13,"”η•†",2008,14127,5,10,5,14,24,89,149,149,258,266,434,770,863,1310,1818,2354,2294,3315
13,"”η•†",2009,14158,0,2,12,20,26,50,118,218,175,219,455,770,1042,1282,1711,2195,2326,3537
13,"”η•†",2010,14863,0,4,4,15,34,51,102,209,216,317,429,561,1080,1411,1785,2323,2479,3843
13,"”η•†",2011,17429,8,5,11,25,49,100,154,254,207,330,528,679,1289,1497,2002,2833,3098,4360
13,"”η•†",2012,17661,0,0,4,9,26,92,102,177,273,307,475,650,1181,1540,2197,2795,3093,4740
13,"”η•†",2013,19706,2,1,7,23,31,45,133,243,294,420,532,748,1257,1710,2484,3019,3433,5324
13,"”η•†",2014,20135,4,4,7,16,45,72,129,201,306,401,483,729,1184,1718,2575,2962,3564,5735
13,"”η•†",2015,21081,3,1,15,20,32,70,117,179,283,483,542,732,1188,2039,2436,3218,3639,6084
21,"δNγχ",1975,3672,14,14,16,19,18,34,25,24,90,141,228,301,547,498,674,501,357,173
21,"δNγχ",1976,3905,11,11,12,21,24,49,27,37,94,132,225,279,496,578,646,663,402,199
21,"δNγχ",1977,3956,11,10,11,18,23,33,24,56,115,144,277,331,431,575,644,668,429,157
21,"δNγχ",1978,4778,14,10,9,18,24,50,42,72,99,185,333,358,490,688,856,805,492,229
21,"δNγχ",1979,5494,14,23,9,24,24,36,56,107,112,217,366,461,606,812,938,848,595,239
21,"δNγχ",1980,6577,1,13,0,12,22,24,76,151,113,176,462,464,782,1013,1316,985,649,319
21,"δNγχ",1981,6578,0,13,3,13,23,20,69,139,130,194,457,649,678,1083,1214,919,697,278
21,"δNγχ",1982,6774,0,0,8,3,16,43,55,100,113,228,510,707,628,1157,1203,964,697,343
21,"δNγχ",1983,7305,0,0,8,8,6,39,50,76,137,255,486,798,794,1166,1192,1144,772,377
21,"δNγχ",1984,7316,6,0,6,7,6,35,59,96,156,258,420,659,921,1049,1255,1211,761,409
21,"δNγχ",1985,7692,5,0,1,10,15,12,67,123,106,229,395,704,957,993,1314,1321,898,538
21,"δNγχ",1986,7744,6,0,1,11,9,13,45,124,114,220,405,742,936,990,1341,1330,885,576
21,"δNγχ",1987,7804,0,4,0,13,10,10,27,97,124,223,397,779,912,959,1275,1346,964,662
21,"δNγχ",1988,8356,1,4,0,6,10,12,34,113,167,231,447,790,1004,1027,1306,1339,1086,779
21,"δNγχ",1989,8986,0,5,0,3,14,9,29,123,170,279,427,806,1104,1227,1312,1481,1141,855
21,"δNγχ",1990,9663,0,0,0,1,11,24,61,109,225,285,424,852,1278,1313,1569,1547,1126,838
21,"δNγχ",1991,10151,0,2,0,3,6,24,59,74,268,276,397,861,1359,1492,1583,1703,1189,855
21,"δNγχ",1992,10296,3,2,0,2,2,19,58,62,237,258,442,804,1315,1565,1589,1730,1267,941
21,"δNγχ",1993,10286,3,2,0,2,0,21,44,68,203,298,447,782,1266,1679,1498,1640,1382,951
21,"δNγχ",1994,10635,6,0,0,0,9,26,44,67,143,276,496,754,1200,1780,1603,1642,1563,1026
21,"δNγχ",1995,11840,1,0,0,0,17,31,39,81,170,433,494,791,1304,1850,1905,1717,1688,1319
21,"δNγχ",1996,12100,2,0,0,4,15,35,34,66,136,436,473,765,1294,1782,2088,1699,1757,1514
21,"δNγχ",1997,12726,4,0,0,4,7,28,53,77,152,390,493,796,1247,1900,2282,1872,1734,1687
21,"δNγχ",1998,12883,3,0,0,4,7,19,46,61,136,312,499,771,1238,1990,2438,1866,1725,1768
21,"δNγχ",1999,14332,2,0,0,0,9,17,65,68,147,296,599,932,1235,2201,2765,2284,1829,1883
21,"δNγχ",2000,13700,2,0,0,1,11,18,38,60,116,287,652,834,1240,1890,2541,2311,1783,1916
21,"δNγχ",2001,15990,5,0,0,4,7,36,41,56,154,323,938,948,1520,2293,2873,2930,1833,2029
21,"δNγχ",2002,15914,6,0,0,4,4,24,26,75,143,310,817,1036,1492,2176,2883,2781,1961,2176
21,"δNγχ",2003,16359,7,0,0,10,4,23,34,115,102,271,723,998,1393,1947,3231,2946,2204,2351
21,"δNγχ",2004,16051,0,0,1,4,6,20,25,78,119,327,729,1132,1469,1707,2852,2872,2351,2359
21,"δNγχ",2005,16477,5,0,0,0,0,23,55,72,205,309,545,1207,1528,1799,2833,3082,2435,2379
21,"δNγχ",2006,16510,1,0,0,1,24,27,22,31,112,283,447,1282,1439,1878,2755,3089,2682,2437
21,"δNγχ",2007,17461,0,2,0,0,17,17,20,64,84,257,429,1222,1524,2156,2823,3224,2743,2879
21,"δNγχ",2008,18354,16,2,0,0,12,9,25,93,111,203,494,1219,1764,1924,2848,3383,3133,3118
21,"δNγχ",2009,18718,0,1,0,9,9,8,16,53,114,247,450,931,1768,2272,2634,3402,3399,3405
21,"δNγχ",2010,19219,4,0,2,2,4,6,19,53,115,229,406,1052,1883,2293,2625,3444,3517,3565
21,"δNγχ",2011,20307,7,0,0,11,0,0,41,56,120,236,448,942,2035,2139,3145,3376,3725,4026
21,"δNγχ",2012,20574,5,0,0,2,5,5,19,55,113,234,411,816,2008,2329,3115,3470,3721,4266
21,"δNγχ",2013,19001,2,0,0,0,0,30,20,42,113,277,367,689,1752,2305,2822,3349,3498,3735
21,"δNγχ",2014,20107,1,2,0,0,1,6,35,44,98,183,390,829,1654,2578,3143,3341,3610,4192
21,"δNγχ",2015,20640,2,0,0,0,2,7,18,61,102,170,388,843,1622,2685,3316,3422,3568,4434
22,"tE”AHiδNγχ‚­j",1975,1896,99,26,19,19,32,24,30,29,41,115,140,255,267,282,216,165,93,41
22,"tE”AHiδNγχ‚­j",1976,2172,97,26,15,16,22,39,34,46,69,128,176,233,286,337,254,224,111,59
22,"tE”AHiδNγχ‚­j",1977,2280,81,23,11,15,17,32,36,42,72,126,191,268,294,346,255,265,138,67
22,"tE”AHiδNγχ‚­j",1978,2588,79,30,11,16,17,29,27,67,87,129,204,285,331,382,328,325,151,87
22,"tE”AHiδNγχ‚­j",1979,2448,73,22,10,11,16,19,17,74,65,141,180,283,318,389,340,264,159,67
22,"tE”AHiδNγχ‚­j",1980,2809,112,21,0,0,5,8,35,59,92,128,171,312,399,466,538,310,125,31
22,"tE”AHiδNγχ‚­j",1981,3051,98,16,0,0,6,12,43,52,115,157,223,365,400,478,605,319,121,38
22,"tE”AHiδNγχ‚­j",1982,3473,86,11,0,0,1,12,38,35,167,155,299,407,449,539,741,352,104,74
22,"tE”AHiδNγχ‚­j",1983,3727,43,8,0,1,8,15,28,52,128,215,362,480,467,575,698,406,147,91
22,"tE”AHiδNγχ‚­j",1984,4209,41,10,1,2,12,13,18,70,144,242,398,514,595,623,734,435,229,132
22,"tE”AHiδNγχ‚­j",1985,4623,85,10,1,2,20,21,36,96,86,206,389,529,637,675,701,608,350,172
22,"tE”AHiδNγχ‚­j",1986,5199,72,6,2,1,17,21,50,124,87,234,454,598,731,697,868,663,368,207
22,"tE”AHiδNγχ‚­j",1987,5665,60,2,1,0,20,26,48,130,118,268,503,632,750,777,926,747,436,221
22,"tE”AHiδNγχ‚­j",1988,6086,40,6,2,0,8,27,40,113,136,318,500,695,869,872,954,763,500,249
22,"tE”AHiδNγχ‚­j",1989,6026,39,9,0,1,7,23,38,100,163,324,448,688,919,922,828,715,531,271
22,"tE”AHiδNγχ‚­j",1990,6876,51,10,4,4,4,24,35,100,184,331,493,820,1087,1031,964,832,613,289
22,"tE”AHiδNγχ‚­j",1991,7194,38,9,6,6,16,11,41,100,269,294,532,880,1073,1105,944,896,672,302
22,"tE”AHiδNγχ‚­j",1992,7712,34,6,11,9,25,14,46,104,324,272,555,953,1138,1234,1021,907,675,384
22,"tE”AHiδNγχ‚­j",1993,8199,33,8,11,5,25,13,45,94,349,312,594,1019,1157,1327,1122,975,698,412
22,"tE”AHiδNγχ‚­j",1994,8532,37,6,8,4,19,13,51,112,296,391,647,878,1208,1404,1272,996,714,476
22,"tE”AHiδNγχ‚­j",1995,9148,43,10,4,8,8,9,43,97,252,518,684,859,1198,1476,1386,1155,835,563
22,"tE”AHiδNγχ‚­j",1996,9678,37,15,5,8,14,16,49,108,261,628,626,797,1256,1608,1503,1170,930,647
22,"tE”AHiδNγχ‚­j",1997,9660,34,14,3,2,20,21,51,95,272,575,588,791,1219,1569,1628,1122,949,707
22,"tE”AHiδNγχ‚­j",1998,10056,32,8,1,3,19,18,59,106,282,529,669,846,1234,1525,1763,1178,1007,777
22,"tE”AHiδNγχ‚­j",1999,10694,46,3,5,3,28,16,81,119,271,445,758,940,1230,1575,1964,1379,999,832
22,"tE”AHiδNγχ‚­j",2000,10837,39,4,4,3,19,16,73,122,260,422,848,934,1205,1634,1864,1561,998,831
22,"tE”AHiδNγχ‚­j",2001,12059,46,17,5,3,21,27,76,122,221,412,1039,960,1315,1970,2034,1890,999,903
22,"tE”AHiδNγχ‚­j",2002,12241,32,18,3,4,16,38,58,109,248,395,939,1085,1288,1904,2012,1866,1177,1049
22,"tE”AHiδNγχ‚­j",2003,12906,31,13,8,4,28,53,61,95,275,375,996,1179,1373,1785,2180,1960,1353,1137
22,"tE”AHiδNγχ‚­j",2004,13732,45,8,3,4,24,26,88,111,222,583,959,1347,1484,1806,2412,2101,1354,1155
22,"tE”AHiδNγχ‚­j",2005,14642,31,58,2,10,10,52,46,117,345,399,930,1582,1458,2086,2715,2187,1427,1187
22,"tE”AHiδNγχ‚­j",2006,14886,23,10,12,0,0,33,65,170,280,439,764,1609,1604,1959,2631,2291,1636,1360
22,"tE”AHiδNγχ‚­j",2007,16936,27,4,6,0,2,19,93,199,294,593,956,1683,1822,2139,2689,2714,1980,1716
22,"tE”AHiδNγχ‚­j",2008,18762,44,1,4,6,4,26,81,285,395,651,1059,1788,2208,2244,3030,3044,2023,1869
22,"tE”AHiδNγχ‚­j",2009,19555,40,6,3,2,24,44,125,251,372,618,962,1689,2385,2618,2987,3132,2375,1922
22,"tE”AHiδNγχ‚­j",2010,21130,34,8,8,6,33,23,71,233,463,626,906,1631,2666,2723,3196,3663,2672,2168
22,"tE”AHiδNγχ‚­j",2011,23082,36,9,3,1,2,14,91,190,577,661,1136,1889,3170,2800,3580,3543,2911,2469
22,"tE”AHiδNγχ‚­j",2012,22803,39,11,6,11,5,12,74,217,561,733,1049,1574,3162,2835,3119,3836,2982,2577
22,"tE”AHiδNγχ‚­j",2013,24865,26,5,6,7,12,58,96,256,610,751,1245,1650,3089,3380,3685,3969,3286,2734
22,"tE”AHiδNγχ‚­j",2014,25322,33,15,0,8,17,22,86,291,576,774,1215,1663,2876,3737,4041,3953,3284,2731
22,"tE”AHiδNγχ‚­j",2015,26258,53,13,1,10,11,43,89,293,612,831,1126,1874,2714,4089,4077,3863,3531,3028
23,"”]E’†•_on",1975,1481,140,97,83,71,60,75,107,88,115,83,130,102,71,120,47,44,25,21
23,"”]E’†•_on",1976,1689,199,111,74,56,54,91,99,115,116,111,158,136,95,146,48,40,21,18
23,"”]E’†•_on",1977,1980,211,153,93,68,52,108,109,117,125,176,184,149,117,175,49,45,27,18
23,"”]E’†•_on",1978,2322,243,157,92,58,56,106,139,135,152,247,217,180,162,167,94,68,29,22
23,"”]E’†•_on",1979,2194,180,116,90,61,49,87,150,154,159,253,166,146,178,175,105,78,29,22
23,"”]E’†•_on",1980,3106,238,139,141,94,73,83,233,211,204,307,226,193,302,319,183,132,22,11
23,"”]E’†•_on",1981,3359,206,205,159,101,66,111,261,222,199,320,229,227,319,357,190,142,32,12
23,"”]E’†•_on",1982,2655,183,197,119,69,57,100,187,167,148,195,183,250,218,264,149,114,40,10
23,"”]E’†•_on",1983,2559,132,181,131,60,71,103,141,187,142,212,212,263,191,238,135,99,49,7
23,"”]E’†•_on",1984,2318,95,155,133,88,70,77,134,176,126,161,173,246,164,194,137,136,44,11
23,"”]E’†•_on",1985,3917,199,171,203,142,100,81,167,305,203,228,271,403,409,307,304,234,141,44
23,"”]E’†•_on",1986,3692,212,162,215,129,96,105,156,282,142,201,265,353,359,282,297,263,121,51
23,"”]E’†•_on",1987,3331,169,130,156,107,96,91,135,217,114,186,313,289,333,265,288,256,147,40
23,"”]E’†•_on",1988,3466,167,144,149,107,98,116,144,159,123,205,332,297,311,293,328,268,156,65
23,"”]E’†•_on",1989,3419,149,108,122,130,106,91,117,143,156,208,307,273,326,330,326,258,171,97
23,"”]E’†•_on",1990,4753,173,155,168,149,106,118,142,214,247,303,380,407,474,481,467,343,273,153
23,"”]E’†•_on",1991,4290,142,155,132,130,97,83,125,198,257,270,334,339,439,443,430,322,257,137
23,"”]E’†•_on",1992,4349,103,187,106,109,122,96,119,178,271,263,287,371,464,469,444,335,287,138
23,"”]E’†•_on",1993,3785,94,138,97,92,82,78,88,143,188,258,258,337,408,454,384,310,244,132
23,"”]E’†•_on",1994,4109,94,128,115,78,84,103,92,130,184,300,280,342,448,479,398,364,292,198
23,"”]E’†•_on",1995,3977,93,107,150,90,100,92,118,114,186,315,291,283,405,443,322,360,286,222
23,"”]E’†•_on",1996,3717,95,72,109,89,99,108,95,106,164,320,203,283,390,414,313,340,260,257
23,"”]E’†•_on",1997,4154,116,87,98,94,104,119,116,117,180,371,234,308,372,440,398,379,303,318
23,"”]E’†•_on",1998,4187,110,72,94,86,83,142,120,133,176,308,275,352,373,451,426,381,293,312
23,"”]E’†•_on",1999,4595,121,84,75,71,77,151,144,154,187,301,353,404,385,461,544,437,322,324
23,"”]E’†•_on",2000,4392,94,99,95,77,73,100,142,136,158,212,378,377,378,480,531,443,316,303
23,"”]E’†•_on",2001,4669,117,106,90,67,85,104,149,154,161,244,453,365,411,526,544,516,266,313
23,"”]E’†•_on",2002,3902,81,87,82,74,72,83,134,108,161,204,306,335,355,442,487,389,243,259
23,"”]E’†•_on",2003,4605,120,138,45,66,94,100,194,127,185,200,309,305,552,536,507,410,330,387
23,"”]E’†•_on",2004,4572,107,67,102,88,56,124,94,205,211,155,348,363,303,527,551,571,329,371
23,"”]E’†•_on",2005,5063,77,76,140,65,157,84,173,115,190,196,317,371,527,610,543,541,457,424
23,"”]E’†•_on",2006,4708,73,111,98,66,102,101,113,186,167,193,255,420,378,531,633,659,353,269
23,"”]E’†•_on",2007,4951,104,104,98,66,100,64,176,262,181,217,293,459,453,459,513,589,397,416
23,"”]E’†•_on",2008,5275,90,106,130,78,122,86,216,227,203,226,311,465,457,507,644,613,485,309
23,"”]E’†•_on",2009,5170,117,117,121,68,143,111,194,215,206,210,273,444,506,567,561,553,451,313
23,"”]E’†•_on",2010,4825,98,93,90,93,101,104,118,236,170,213,301,409,492,526,544,503,387,347
23,"”]E’†•_on",2011,4467,128,77,91,72,87,131,142,138,185,174,212,282,575,475,553,405,404,336
23,"”]E’†•_on",2012,4832,105,86,81,70,80,136,157,205,188,205,235,302,492,481,551,576,465,417
23,"”]E’†•_on",2013,4781,96,127,77,75,99,108,138,194,212,226,244,336,415,451,517,531,475,460
23,"”]E’†•_on",2014,5230,99,107,99,60,115,112,151,205,216,192,255,283,492,504,598,582,587,573
23,"”]E’†•_on",2015,5775,101,118,77,137,113,154,155,229,268,300,248,325,431,613,597,656,551,702
24,"bσ‘B",1975,1691,9,9,17,16,50,117,79,75,126,142,141,152,157,178,160,146,78,41
24,"bσ‘B",1976,1759,6,7,16,14,38,115,74,89,170,142,161,157,184,176,141,160,77,29
24,"bσ‘B",1977,2389,7,7,17,21,68,123,160,157,243,207,192,175,204,244,234,191,104,33
24,"bσ‘B",1978,2384,13,7,16,28,72,83,197,161,262,221,192,160,176,218,261,166,97,55
24,"bσ‘B",1979,2289,13,7,18,31,78,73,199,168,224,252,182,175,180,194,225,128,88,56
24,"bσ‘B",1980,2996,8,0,14,36,72,87,246,192,279,341,287,253,267,289,296,153,119,55
24,"bσ‘B",1981,3254,2,0,7,27,80,91,291,209,290,285,322,337,287,351,324,172,132,52
24,"bσ‘B",1982,3460,2,0,0,32,73,95,305,245,366,262,416,344,258,317,324,206,171,45
24,"bσ‘B",1983,4023,0,8,11,26,71,130,294,312,427,299,521,407,357,319,359,256,164,63
24,"bσ‘B",1984,3941,0,6,12,32,73,142,239,296,449,337,434,462,352,296,338,246,143,78
24,"bσ‘B",1985,5001,0,6,13,39,80,177,225,390,499,447,629,557,476,412,478,327,147,100
24,"bσ‘B",1986,5458,0,0,5,29,88,161,286,484,502,498,702,637,506,453,476,344,157,133
24,"bσ‘B",1987,5888,2,0,10,19,87,116,268,477,595,523,801,666,646,460,499,375,224,119
24,"bσ‘B",1988,6162,2,8,16,20,100,95,268,506,656,594,755,716,740,509,429,357,237,153
24,"bσ‘B",1989,5846,2,8,13,26,102,100,236,417,669,644,676,646,686,483,399,377,224,136
24,"bσ‘B",1990,7685,0,11,10,68,135,186,308,542,964,894,871,888,912,645,523,387,203,138
24,"bσ‘B",1991,7183,0,3,6,70,146,178,263,415,919,746,831,855,874,666,493,367,220,131
24,"bσ‘B",1992,8097,0,2,14,97,178,179,284,441,954,892,964,1006,985,752,552,384,284,129
24,"bσ‘B",1993,6682,0,2,20,49,132,159,219,372,638,743,886,836,790,651,421,344,268,152
24,"bσ‘B",1994,7767,0,3,19,52,164,195,250,433,706,1013,1062,885,856,740,555,373,274,187
24,"bσ‘B",1995,6918,0,3,7,42,134,183,251,402,527,873,826,730,774,666,537,442,295,226
24,"bσ‘B",1996,7086,0,1,12,35,140,196,229,368,523,1018,719,699,753,725,676,436,316,240
24,"bσ‘B",1997,7603,0,0,20,34,122,229,232,374,528,1026,811,799,825,868,705,461,303,266
24,"bσ‘B",1998,7562,0,0,28,40,107,222,255,353,520,914,851,788,811,866,757,462,300,288
24,"bσ‘B",1999,8087,0,3,26,43,119,210,267,388,531,830,988,922,882,944,802,542,295,295
24,"bσ‘B",2000,7888,4,3,22,32,113,152,300,372,460,726,1046,851,847,948,863,532,304,313
24,"bσ‘B",2001,7857,5,4,19,36,117,164,306,336,455,646,1172,846,827,982,824,546,281,290
24,"bσ‘B",2002,7266,4,0,14,33,115,166,280,339,416,543,960,831,838,809,788,513,299,318
24,"bσ‘B",2003,8069,0,3,11,22,123,182,277,451,427,585,960,931,947,779,974,636,342,419
24,"bσ‘B",2004,8995,0,1,12,53,153,227,389,386,504,672,960,1388,934,1135,791,691,374,325
24,"bσ‘B",2005,9219,0,0,4,40,146,258,360,418,516,749,887,1296,1104,1012,884,739,467,339
24,"bσ‘B",2006,10234,0,0,0,46,135,265,477,533,658,756,913,1433,1181,1102,1066,795,456,418
24,"bσ‘B",2007,10756,0,0,6,55,131,197,383,601,758,811,996,1554,1361,1065,1098,849,493,398
24,"bσ‘B",2008,11658,0,9,13,50,158,237,432,681,871,927,897,1512,1419,1236,1201,940,556,519
24,"bσ‘B",2009,13093,0,0,7,45,152,333,585,663,891,933,1126,1452,1757,1430,1301,1145,694,579
24,"bσ‘B",2010,13374,0,0,7,68,200,286,524,738,994,968,1161,1416,1954,1479,1299,1055,704,521
24,"bσ‘B",2011,13740,0,3,28,57,302,272,546,887,1032,1018,1097,1403,1811,1613,1382,1063,594,632
24,"bσ‘B",2012,13906,0,3,18,82,235,292,510,756,999,1093,1242,1232,1829,1633,1468,1213,714,587
24,"bσ‘B",2013,15629,0,2,34,129,179,307,460,873,1239,1228,1286,1417,1970,1863,1729,1394,876,643
24,"bσ‘B",2014,15816,0,2,43,110,181,385,569,878,1278,1240,1235,1417,1831,2014,1729,1282,907,715
24,"bσ‘B",2015,15458,1,13,27,106,228,324,524,833,1133,1167,1292,1334,1682,2114,1830,1227,884,739
25,"««ƒƒ“ƒpξ",1975,4013,49,55,75,80,102,160,134,184,207,316,312,393,481,570,414,271,141,64
25,"««ƒƒ“ƒpξ",1976,4161,37,56,61,89,101,168,102,180,212,335,344,374,584,591,437,277,133,80
25,"««ƒƒ“ƒpξ",1977,4512,68,54,68,101,75,179,77,162,186,321,352,438,739,635,495,331,154,75
25,"««ƒƒ“ƒpξ",1978,4436,63,41,70,105,63,134,80,171,198,318,445,452,661,564,452,384,146,89
25,"««ƒƒ“ƒpξ",1979,4758,75,49,69,112,47,113,98,200,206,386,509,472,563,637,510,382,221,105
25,"««ƒƒ“ƒpξ",1980,4741,60,48,59,74,48,76,107,178,215,393,582,500,501,636,546,406,203,113
25,"««ƒƒ“ƒpξ",1981,5339,72,78,66,76,53,69,162,192,217,421,588,545,571,705,638,465,295,123
25,"««ƒƒ“ƒpξ",1982,5672,75,73,62,56,97,80,175,172,277,353,549,589,638,724,739,554,314,146
25,"««ƒƒ“ƒpξ",1983,6177,69,77,79,82,105,86,169,183,342,380,555,596,664,771,835,622,347,219
25,"««ƒƒ“ƒpξ",1984,6260,61,61,86,77,119,74,146,222,391,401,518,695,580,782,835,654,331,226
25,"««ƒƒ“ƒpξ",1985,6635,75,87,95,81,83,62,146,193,254,384,510,761,738,777,969,766,451,205
25,"««ƒƒ“ƒpξ",1986,7381,78,66,110,83,48,76,150,232,247,419,590,852,925,851,1060,849,507,236
25,"««ƒƒ“ƒpξ",1987,7834,69,64,99,106,45,107,116,256,253,443,578,909,1060,862,1051,994,522,296
25,"««ƒƒ“ƒpξ",1988,7912,49,54,72,117,54,119,130,272,312,440,542,870,1064,866,1034,1017,537,358
25,"««ƒƒ“ƒpξ",1989,7964,46,67,54,104,84,114,160,253,357,444,504,803,1038,986,957,1013,571,410
25,"««ƒƒ“ƒpξ",1990,9297,59,68,78,65,98,124,177,265,409,446,630,864,1238,1237,1086,1187,855,411
25,"««ƒƒ“ƒpξ",1991,9385,71,60,79,96,103,95,169,231,430,413,601,863,1286,1338,1054,1209,882,405
25,"««ƒƒ“ƒpξ",1992,9879,68,55,80,107,132,128,162,257,465,485,684,937,1334,1270,1070,1209,944,492
25,"««ƒƒ“ƒpξ",1993,9725,45,49,55,116,158,130,139,248,401,517,688,975,1243,1260,1141,1154,910,496
25,"««ƒƒ“ƒpξ",1994,10786,40,62,65,89,167,155,151,263,378,622,836,1055,1316,1406,1379,1166,1024,612
25,"««ƒƒ“ƒpξ",1995,11195,86,79,69,95,169,150,157,235,325,653,794,959,1382,1510,1544,1181,1094,713
25,"««ƒƒ“ƒpξ",1996,11490,91,65,66,87,140,143,154,230,320,673,715,893,1412,1559,1682,1232,1160,868
25,"««ƒƒ“ƒpξ",1997,11711,82,55,67,96,157,141,134,236,313,662,712,893,1414,1600,1778,1259,1174,938
25,"««ƒƒ“ƒpξ",1998,12202,57,45,70,102,156,145,161,243,370,611,752,945,1359,1725,1935,1371,1168,987
25,"««ƒƒ“ƒpξ",1999,12799,39,37,73,126,156,168,162,266,368,620,808,1073,1405,1727,2070,1520,1151,1030
25,"««ƒƒ“ƒpξ",2000,13307,30,36,58,120,165,138,160,249,393,583,908,1093,1419,1735,2120,1721,1232,1147
25,"««ƒƒ“ƒpξ",2001,13726,29,39,55,119,146,128,168,227,377,552,1050,1053,1464,1809,2086,2000,1239,1183
25,"««ƒƒ“ƒpξ",2002,15551,29,49,59,115,155,142,189,244,468,594,993,1242,1619,2019,2258,2309,1595,1472
25,"««ƒƒ“ƒpξ",2003,21473,31,71,89,141,194,209,292,420,745,962,1383,1821,2223,2920,3176,2928,2076,1792
25,"««ƒƒ“ƒpξ",2004,17499,30,62,77,89,143,252,197,246,453,627,1200,1607,1791,2226,2403,2412,1939,1745
25,"««ƒƒ“ƒpξ",2005,16991,14,57,36,161,80,194,199,322,422,598,979,1398,1722,2114,2680,2502,1787,1726
25,"««ƒƒ“ƒpξ",2006,18636,48,35,31,57,149,232,220,319,450,661,1082,1968,1959,2186,2659,2572,2238,1770
25,"««ƒƒ“ƒpξ",2007,18776,47,50,103,106,131,245,205,321,446,680,1040,1736,1691,2170,2760,2879,2179,1987
25,"««ƒƒ“ƒpξ",2008,22075,34,41,29,96,157,158,301,301,529,856,1382,2105,2194,2655,2979,3434,2633,2191
25,"««ƒƒ“ƒpξ",2009,23312,26,38,102,93,173,186,286,406,443,775,1314,1936,2563,2932,3192,3469,2872,2506
25,"««ƒƒ“ƒpξ",2010,23919,30,48,67,99,166,225,266,380,421,799,1273,1905,2837,3073,3235,3612,3089,2394
25,"««ƒƒ“ƒpξ",2011,24778,63,78,55,180,134,204,276,372,571,795,1232,1738,3221,2956,3393,3723,2943,2844
25,"««ƒƒ“ƒpξ",2012,26632,54,60,54,104,150,203,232,355,490,730,1369,2083,2972,3211,3786,4076,3595,3108
25,"««ƒƒ“ƒpξ",2013,25761,43,60,52,82,155,232,251,359,583,724,1176,1717,2813,3311,3717,4028,3381,3077
25,"««ƒƒ“ƒpξ",2014,28486,25,61,74,113,191,207,302,367,532,822,1323,1912,3008,3725,4185,4396,3799,3444
25,"««ƒƒ“ƒpξ",2015,30103,71,88,60,114,185,210,285,415,560,915,1325,2093,2912,4143,4456,4432,4159,3680
26,"‘½”­«‘ξ",1975,966,11,11,12,16,14,12,11,20,25,76,69,103,126,158,136,82,56,27
26,"‘½”­«‘ξ",1976,1118,8,9,10,12,11,10,8,29,29,78,97,89,169,176,152,164,51,20
26,"‘½”­«‘ξ",1977,1231,9,9,10,12,11,10,14,21,25,76,109,105,184,175,166,216,59,20
26,"‘½”­«‘ξ",1978,1326,8,8,8,11,10,10,13,35,30,56,137,94,172,180,199,277,60,19
26,"‘½”­«‘ξ",1979,1499,8,8,8,11,10,10,12,27,33,67,159,131,168,236,217,255,101,33
26,"‘½”­«‘ξ",1980,1820,0,0,6,0,0,0,0,22,36,61,190,183,182,338,304,328,140,30
26,"‘½”­«‘ξ",1981,2002,0,0,6,0,0,0,0,8,33,96,197,203,207,422,344,266,167,57
26,"‘½”­«‘ξ",1982,1748,0,0,5,0,0,0,1,13,15,74,135,169,202,397,316,230,134,60
26,"‘½”­«‘ξ",1983,2043,0,0,0,0,1,0,1,9,35,88,117,199,327,354,364,257,210,82
26,"‘½”­«‘ξ",1984,2248,0,0,0,5,0,0,0,30,38,77,139,225,346,303,405,308,276,100
26,"‘½”­«‘ξ",1985,2533,0,0,0,0,0,0,7,15,44,87,192,295,316,323,482,320,285,166
26,"‘½”­«‘ξ",1986,2808,0,0,0,0,0,0,7,22,21,116,209,239,381,413,563,384,266,187
26,"‘½”­«‘ξ",1987,2618,0,0,0,0,4,0,7,10,26,98,154,197,338,408,532,382,298,164
26,"‘½”­«‘ξ",1988,2550,0,0,0,0,7,0,4,25,22,73,138,208,352,372,454,413,336,143
26,"‘½”­«‘ξ",1989,2462,0,0,0,0,7,0,4,23,40,65,96,250,319,333,370,436,350,169
26,"‘½”­«‘ξ",1990,2896,0,7,0,0,0,0,4,14,50,80,135,283,409,407,457,490,342,218
26,"‘½”­«‘ξ",1991,3000,0,6,0,0,0,0,0,4,54,72,147,248,396,500,511,534,318,210
26,"‘½”­«‘ξ",1992,2894,0,0,0,0,0,0,3,13,48,69,148,227,362,493,467,495,340,229
26,"‘½”­«‘ξ",1993,2832,0,0,0,0,0,0,6,12,36,67,126,196,351,488,443,497,356,254
26,"‘½”­«‘ξ",1994,2972,0,0,0,0,0,0,6,16,33,69,121,220,348,510,438,482,451,278
26,"‘½”­«‘ξ",1995,3565,0,0,0,0,0,0,0,10,34,84,147,236,424,639,596,555,512,328
26,"‘½”­«‘ξ",1996,3465,0,0,0,0,0,0,4,11,34,95,141,218,433,618,525,568,518,300
26,"‘½”­«‘ξ",1997,3606,0,0,0,0,0,0,4,14,27,113,159,207,406,612,603,571,528,362
26,"‘½”­«‘ξ",1998,3720,0,0,0,0,0,0,5,15,39,113,170,218,378,608,668,603,473,430
26,"‘½”­«‘ξ",1999,4000,0,1,0,0,0,0,2,6,36,102,214,262,383,595,704,696,508,491
26,"‘½”­«‘ξ",2000,4120,0,0,0,0,0,0,2,6,39,78,215,290,389,582,752,708,529,530
26,"‘½”­«‘ξ",2001,4122,0,1,0,0,0,0,5,13,26,62,210,286,420,578,735,744,527,515
26,"‘½”­«‘ξ",2002,4111,0,0,0,0,0,0,8,18,25,52,153,262,403,528,724,697,600,641
26,"‘½”­«‘ξ",2003,4485,0,0,0,0,0,0,13,19,43,53,169,268,440,559,724,828,672,697
26,"‘½”­«‘ξ",2004,4970,0,0,0,1,0,0,5,23,40,39,179,373,468,583,906,1069,670,614
26,"‘½”­«‘ξ",2005,4413,0,0,0,0,3,0,2,9,18,99,119,343,463,539,808,714,697,599
26,"‘½”­«‘ξ",2006,4809,0,0,0,0,0,0,5,2,55,74,132,307,469,606,793,941,773,652
26,"‘½”­«‘ξ",2007,5205,0,0,0,0,0,0,6,7,18,80,180,366,425,684,870,996,824,749
26,"‘½”­«‘ξ",2008,5862,0,0,0,4,0,0,9,26,45,64,187,404,532,654,887,1199,1035,816
26,"‘½”­«‘ξ",2009,6168,0,0,0,0,0,1,15,22,49,108,153,398,625,787,979,1140,1052,839
26,"‘½”­«‘ξ",2010,6356,0,0,0,0,0,11,3,9,41,109,133,404,619,801,981,1201,1056,988
26,"‘½”­«‘ξ",2011,6860,0,0,0,0,0,7,16,28,64,75,149,405,682,932,1001,1293,1237,971
26,"‘½”­«‘ξ",2012,6877,0,0,0,0,8,0,11,30,56,125,177,340,731,836,1023,1287,1199,1054
26,"‘½”­«‘ξ",2013,6728,0,0,0,0,1,0,8,27,72,118,238,331,667,792,971,1299,1181,1023
26,"‘½”­«‘ξ",2014,6563,3,0,0,1,0,4,8,22,65,103,234,292,623,892,1046,1116,1107,1047
26,"‘½”­«‘ξ",2015,7130,0,0,0,0,2,3,10,31,81,136,184,330,628,1044,1119,1223,1253,1086
27,"”’•a",1975,5013,490,345,217,204,128,331,273,251,271,326,379,364,321,340,346,217,142,62
27,"”’•a",1976,4994,474,338,215,193,120,308,230,235,272,341,390,307,349,415,358,246,150,52
27,"”’•a",1977,4847,471,325,188,235,154,319,190,276,277,329,316,258,339,428,332,210,150,49
27,"”’•a",1978,4803,448,318,163,219,156,259,221,278,346,320,285,252,372,399,351,242,136,41
27,"”’•a",1979,5192,448,293,169,215,156,270,271,347,383,323,275,291,451,396,392,295,133,81
27,"”’•a",1980,5583,472,320,237,196,144,232,277,289,409,366,342,449,466,441,424,292,125,103
27,"”’•a",1981,5880,437,357,237,212,120,227,272,283,417,367,414,475,494,491,456,318,184,118
27,"”’•a",1982,6174,380,419,244,219,114,206,262,223,386,425,557,543,451,556,501,370,164,153
27,"”’•a",1983,5923,308,383,196,183,97,198,232,187,352,421,533,533,453,527,562,397,199,159
27,"”’•a",1984,6112,332,317,247,198,105,201,234,176,316,420,528,613,500,522,559,432,223,191
27,"”’•a",1985,6151,366,232,240,179,105,192,221,327,338,372,501,509,527,561,612,469,265,136
27,"”’•a",1986,6288,356,244,240,215,107,216,206,356,283,392,475,515,559,609,625,499,228,167
27,"”’•a",1987,6394,339,225,225,167,108,195,212,365,345,410,491,546,521,561,691,545,275,178
27,"”’•a",1988,6158,338,208,194,179,127,156,200,344,345,371,463,459,567,541,607,557,303,197
27,"”’•a",1989,6337,316,171,203,216,127,120,201,319,390,345,498,533,579,469,596,623,393,235
27,"”’•a",1990,6450,321,184,195,220,163,110,191,273,362,325,420,592,634,534,642,603,430,251
27,"”’•a",1991,6464,303,171,186,209,152,128,178,237,370,335,458,567,611,598,645,568,503,245
27,"”’•a",1992,6755,291,173,163,199,147,140,193,222,389,365,484,592,664,689,695,588,481,280
27,"”’•a",1993,6865,268,187,186,177,145,156,168,185,362,338,482,592,645,751,680,683,531,329
27,"”’•a",1994,6703,245,163,173,165,169,154,155,155,294,365,450,583,600,751,745,671,484,381
27,"”’•a",1995,7723,281,211,210,185,235,177,168,190,277,466,468,532,743,987,811,737,612,433
27,"”’•a",1996,8037,261,205,193,164,244,170,186,169,257,575,453,606,778,1019,861,735,665,496
27,"”’•a",1997,8080,263,207,175,166,247,185,200,146,251,555,484,642,796,1013,891,685,656,518
27,"”’•a",1998,7905,247,187,160,176,218,157,186,146,215,507,476,667,807,1001,866,736,595,558
27,"”’•a",1999,7805,246,154,149,176,236,188,174,160,223,416,513,629,769,924,931,815,530,572
27,"”’•a",2000,7888,257,141,141,159,174,161,181,196,238,351,533,570,737,970,1007,903,547,622
27,"”’•a",2001,8596,224,132,99,105,165,175,175,179,262,334,713,571,826,1121,1182,1113,575,641
27,"”’•a",2002,8670,203,121,78,99,129,164,193,194,283,323,597,601,803,1131,1199,1094,715,743
27,"”’•a",2003,9557,252,192,82,145,154,206,250,177,297,358,608,780,837,1206,1327,1175,768,743
27,"”’•a",2004,9008,218,105,77,127,102,214,179,278,291,302,497,755,926,1067,978,1290,847,755
27,"”’•a",2005,9032,222,150,85,99,170,129,330,226,210,344,471,708,827,1058,1170,1248,866,719
27,"”’•a",2006,9379,181,126,73,136,185,165,196,208,331,275,421,845,766,1096,1189,1421,935,830
27,"”’•a",2007,10211,264,186,144,149,149,137,187,287,330,352,545,818,833,1013,1389,1432,1077,919
27,"”’•a",2008,11156,293,183,185,238,179,151,272,238,312,416,432,876,1004,1184,1383,1442,1282,1086
27,"”’•a",2009,11633,289,196,135,162,209,226,215,269,302,367,536,815,1073,1307,1294,1695,1380,1163
27,"”’•a",2010,11484,286,174,167,196,188,223,198,386,336,425,465,747,1143,1288,1306,1525,1312,1119
27,"”’•a",2011,12269,327,201,120,207,215,259,210,394,362,456,533,828,1295,1195,1295,1569,1467,1336
27,"”’•a",2012,12209,340,219,177,171,154,234,266,309,405,450,531,609,1171,1265,1451,1713,1455,1289
27,"”’•a",2013,11968,284,158,141,211,159,177,222,335,371,506,502,679,1191,1428,1538,1524,1333,1209
27,"”’•a",2014,12068,292,185,154,192,173,171,239,314,383,451,533,685,1111,1370,1526,1513,1392,1384
27,"”’•a",2015,12371,307,193,174,159,173,175,280,305,482,512,599,680,987,1489,1528,1585,1371,1372
67,"‘ε’° *1 ",1975,18172,33,42,39,64,76,192,339,533,770,1229,1480,1701,2264,2551,2836,2317,1218,482
67,"‘ε’° *1 ",1976,19111,21,27,26,51,78,213,285,493,759,1263,1598,1956,2342,2634,2825,2512,1431,593
67,"‘ε’° *1 ",1977,20721,24,24,28,51,63,213,289,548,866,1359,1799,2079,2557,3004,2996,2647,1487,693
67,"‘ε’° *1 ",1978,22367,22,22,22,51,73,151,300,625,981,1359,1975,2215,2801,3359,3076,2849,1711,772
67,"‘ε’° *1 ",1979,24311,23,23,23,50,73,116,377,791,1035,1475,2375,2318,2919,3735,3320,3162,1727,771
67,"‘ε’° *1 ",1980,25593,0,0,0,23,46,87,418,712,979,1539,2297,2545,3167,3883,3734,3343,1973,847
67,"‘ε’° *1 ",1981,28843,0,0,13,4,62,102,468,618,1094,1893,2501,3000,3469,4186,4530,3604,2307,988
67,"‘ε’° *1 ",1982,32121,0,0,13,11,72,95,398,626,1254,2088,2813,3603,3794,4409,5147,3742,2810,1241
67,"‘ε’° *1 ",1983,35138,0,0,20,13,71,60,358,609,1329,2199,3197,4051,4228,4656,5492,4268,3169,1412
67,"‘ε’° *1 ",1984,37416,0,0,7,14,61,64,321,697,1524,2034,3466,4322,4734,4904,5602,4710,3418,1542
67,"‘ε’° *1 ",1985,39821,7,0,6,22,73,81,328,788,1273,2095,3635,4685,4869,5079,5989,5289,3607,1992
67,"‘ε’° *1 ",1986,42629,7,0,1,18,60,102,319,915,1299,2149,3842,5023,5542,5279,6376,5766,3559,2361
67,"‘ε’° *1 ",1987,46604,7,0,10,17,72,100,284,914,1353,2349,4058,5587,6392,5734,6800,6359,3754,2819
67,"‘ε’° *1 ",1988,51188,0,0,14,28,55,107,280,856,1555,2715,4292,6308,7261,6551,7182,6735,4103,3145
67,"‘ε’° *1 ",1989,55404,0,0,20,28,58,90,243,799,1812,3084,4479,6539,8128,7703,7305,6971,4707,3431
67,"‘ε’° *1 ",1990,60732,0,0,8,19,65,135,260,786,2078,3232,4918,7197,9225,8903,7847,7472,5163,3424
67,"‘ε’° *1 ",1991,65900,0,0,7,18,79,137,265,832,2334,3059,5284,7791,10303,9872,8598,7975,5741,3605
67,"‘ε’° *1 ",1992,72602,0,0,5,21,97,167,301,834,2248,3259,5662,8744,11274,11355,9646,8666,6366,3957
67,"‘ε’° *1 ",1993,75050,0,0,5,20,73,142,337,792,2044,3403,5661,8965,11604,12284,9997,8914,6672,4137
67,"‘ε’° *1 ",1994,76868,0,0,3,20,83,119,326,734,1821,3457,5857,8727,11398,13001,10708,9055,7105,4454
67,"‘ε’° *1 ",1995,79439,0,0,0,13,58,138,294,610,1610,3886,5920,8118,11431,13396,11695,9143,7577,5550
67,"‘ε’° *1 ",1996,83108,0,0,0,14,71,122,288,630,1513,4334,5395,8280,11942,13824,13337,9395,7814,6149
67,"‘ε’° *1 ",1997,85347,0,0,2,16,69,121,308,646,1414,4200,5395,8513,11931,14236,14309,9726,7703,6758
67,"‘ε’° *1 ",1998,88833,0,0,3,14,65,138,299,676,1399,3733,5624,8886,11991,14760,15339,10398,8121,7387
67,"‘ε’° *1 ",1999,90289,0,0,4,19,44,142,327,712,1327,3201,5888,9261,11534,14752,15703,11386,7965,8024
67,"‘ε’° *1 ",2000,92137,0,0,4,16,36,171,333,711,1402,2947,6440,8710,11636,14765,15732,12277,8476,8481
67,"‘ε’° *1 ",2001,100137,1,2,5,26,43,130,420,723,1465,3092,7716,8492,12682,16167,17559,14518,8407,8686
67,"‘ε’° *1 ",2002,105195,0,2,2,32,59,126,418,756,1488,2913,6966,9594,13463,16557,17773,15102,9859,10085
67,"‘ε’° *1 ",2003,98915,0,3,1,18,34,117,386,696,1344,2470,5612,8652,12268,14682,16781,14797,10261,10793
67,"‘ε’° *1 ",2004,97266,0,0,11,10,45,135,350,917,1253,2275,5562,8770,12296,13976,16275,14990,10089,10312
67,"‘ε’° *1 ",2005,104056,0,0,17,11,12,113,415,844,1542,2569,5709,9761,12620,15506,16768,15918,11300,10951
67,"‘ε’° *1 ",2006,106904,1,8,14,18,48,151,372,880,1489,2758,5044,10542,11905,15490,17891,16920,11614,11759
67,"‘ε’° *1 ",2007,109140,11,0,1,14,27,126,374,848,1416,2351,4895,10616,12489,15749,17589,17034,12759,12841
67,"‘ε’° *1 ",2008,112772,5,0,1,22,46,149,339,876,1453,2534,4681,9911,12778,16188,18353,17936,14194,13306
67,"‘ε’° *1 ",2009,116342,0,0,1,19,30,147,350,909,1574,2547,4956,9322,13587,16812,18681,17786,14902,14719
67,"‘ε’° *1 ",2010,118979,4,0,1,5,46,116,299,986,1713,2571,4581,8680,14554,16672,18584,18721,15538,15908
67,"‘ε’° *1 ",2011,124921,0,0,0,21,37,206,387,973,1667,3142,4747,8945,16865,16367,19273,19884,15429,16978
67,"‘ε’° *1 ",2012,134575,0,2,6,6,82,181,331,1067,2030,3093,5054,8923,17528,17945,21126,21292,17611,18298
67,"‘ε’° *1 ",2013,131389,0,5,4,18,51,128,423,1009,2102,2963,5373,8361,16106,18317,21231,20694,17186,17418
67,"‘ε’° *1 ",2014,135434,1,0,8,19,37,163,366,1064,2188,3324,5170,8335,15280,19899,22194,21073,17581,18732
67,"‘ε’° *1 ",2015,140339,0,0,5,15,61,142,388,1007,2233,3319,5703,8546,14403,21845,22870,21514,18457,19831
101,"‘S•”Κiγ”η“ΰ‚‚ρά‚ήj *3",1975,208931,1325,717,658,706,1208,2707,4047,6543,11079,15990,17578,20228,27502,30525,30260,22605,11003,4250
101,"‘S•”Κiγ”η“ΰ‚‚ρά‚ήj *3",1976,211400,1294,692,619,701,995,3004,3513,6395,10938,15869,18605,19793,27018,31902,29407,23935,12069,4645
101,"‘S•”Κiγ”η“ΰ‚‚ρά‚ήj *3",1977,218313,1332,713,614,840,869,2996,3619,6811,11082,16378,19459,19931,27421,33345,29795,25102,13089,4916
101,"‘S•”Κiγ”η“ΰ‚‚ρά‚ήj *3",1978,226171,1213,700,528,811,844,2468,3882,7195,11033,16568,21175,20851,27298,34595,31029,26696,13714,5573
101,"‘S•”Κiγ”η“ΰ‚‚ρά‚ήj *3",1979,242088,1187,665,497,779,889,2231,4434,8451,11052,17278,23208,23866,28485,35720,33808,28372,14899,6268
101,"‘S•”Κiγ”η“ΰ‚‚ρά‚ήj *3",1980,253826,1194,713,587,715,960,1937,5078,8030,11256,17681,23960,25804,29439,36213,37373,29514,16409,6960
101,"‘S•”Κiγ”η“ΰ‚‚ρά‚ήj *3",1981,265827,1117,781,676,710,959,1863,5708,7549,11754,18306,24453,28393,30067,37535,39961,30009,18354,7638
101,"‘S•”Κiγ”η“ΰ‚‚ρά‚ήj *3",1982,276355,1046,834,696,700,1020,1835,5770,7378,12335,18228,25641,30444,30343,38100,41240,31260,20502,8981
101,"‘S•”Κiγ”η“ΰ‚‚ρά‚ήj *3",1983,294060,921,828,729,729,1088,1816,5533,7786,13156,18630,27557,33475,32954,38809,43329,33550,22810,10357
101,"‘S•”Κiγ”η“ΰ‚‚ρά‚ήj *3",1984,309596,951,731,792,848,1104,1971,5126,8617,14235,18235,28124,35932,35979,38516,44750,37043,24613,12025
101,"‘S•”Κiγ”η“ΰ‚‚ρά‚ήj *3",1985,335711,1188,656,837,933,1095,1954,4979,10596,14107,18859,29017,38520,40040,41324,48983,41620,26845,14158
101,"‘S•”Κiγ”η“ΰ‚‚ρά‚ήj *3",1986,345296,1188,612,851,938,1038,1962,4656,11524,13068,18904,28984,39493,43677,42019,49659,44264,26759,15702
101,"‘S•”Κiγ”η“ΰ‚‚ρά‚ήj *3",1987,359429,1147,591,773,856,1068,1878,4241,11079,13603,19620,29215,41216,47186,43383,50884,46191,28583,17912
101,"‘S•”Κiγ”η“ΰ‚‚ρά‚ήj *3",1988,371307,1127,568,660,884,1109,1913,4217,10301,14555,20536,29056,41787,50670,45425,50348,47794,30589,19766
101,"‘S•”Κiγ”η“ΰ‚‚ρά‚ήj *3",1989,381468,1021,536,601,967,1185,1859,4034,9221,15847,21761,27840,41376,52342,49641,49324,49129,32978,21810
101,"‘S•”Κiγ”η“ΰ‚‚ρά‚ήj *3",1990,406889,1016,619,694,981,1242,2300,4433,9493,18626,22288,28982,43772,56370,55508,52084,50860,35473,22148
101,"‘S•”Κiγ”η“ΰ‚‚ρά‚ήj *3",1991,424425,983,626,645,1027,1400,2255,4356,8866,20818,20711,29614,44785,59154,60805,53742,53030,38464,23144
101,"‘S•”Κiγ”η“ΰ‚‚ρά‚ήj *3",1992,446023,926,627,591,1044,1477,2420,4510,8543,20925,21608,31603,45848,61815,66015,56284,55178,41181,25428
101,"‘S•”Κiγ”η“ΰ‚‚ρά‚ήj *3",1993,452609,849,576,614,1018,1414,2474,4523,7907,18621,22575,31879,45197,61789,69500,58076,55332,42985,27280
101,"‘S•”Κiγ”η“ΰ‚‚ρά‚ήj *3",1994,459169,847,486,625,913,1443,2517,4644,7639,16540,24264,33153,43186,60414,71891,62027,54364,44565,29651
101,"‘S•”Κiγ”η“ΰ‚‚ρά‚ήj *3",1995,479117,997,537,641,813,1526,2315,4482,7474,14048,27517,31597,41668,60649,74684,69128,56861,47792,36388
101,"‘S•”Κiγ”η“ΰ‚‚ρά‚ήj *3",1996,488988,953,493,601,756,1527,2391,4297,7268,12891,30000,28908,41893,61011,75562,75237,56785,49115,39300
101,"‘S•”Κiγ”η“ΰ‚‚ρά‚ήj *3",1997,499802,912,508,553,708,1492,2427,4361,7305,12271,28868,29358,43142,60486,76943,80176,57924,49538,42830
101,"‘S•”Κiγ”η“ΰ‚‚ρά‚ήj *3",1998,515059,793,462,569,723,1378,2546,4454,7265,12003,26183,31574,45040,60356,78550,84821,61666,50570,46106
101,"‘S•”Κiγ”η“ΰ‚‚ρά‚ήj *3",1999,527940,802,414,519,742,1388,2625,4518,7406,11944,23427,34137,47409,58378,78443,88245,67892,50244,49407
101,"‘S•”Κiγ”η“ΰ‚‚ρά‚ήj *3",2000,538345,819,381,499,752,1248,2549,4784,7528,11918,21622,37334,45349,58563,78599,88941,73215,52518,51726
101,"‘S•”Κiγ”η“ΰ‚‚ρά‚ήj *3",2001,568781,875,379,431,659,1303,2866,5735,7755,12283,21571,44548,43761,62397,83289,95796,83625,50484,51024
101,"‘S•”Κiγ”η“ΰ‚‚ρά‚ήj *3",2002,589293,717,338,392,654,1284,2788,5983,8204,12730,21097,40290,48288,64288,82436,96749,85798,58132,59125
101,"‘S•”Κiγ”η“ΰ‚‚ρά‚ήj *3",2003,641594,798,509,392,748,1477,2930,6506,9075,13632,21343,38899,52780,69724,86689,106444,98118,66105,65425
101,"‘S•”Κiγ”η“ΰ‚‚ρά‚ήj *3",2004,648491,657,318,395,645,1276,3468,6573,9888,13960,22139,38398,56747,72242,87373,105082,99185,66048,64097
101,"‘S•”Κiγ”η“ΰ‚‚ρά‚ήj *3",2005,676075,659,429,473,623,1666,3322,6537,9553,15086,21644,36304,60935,75766,90810,109042,105278,71531,66417
101,"‘S•”Κiγ”η“ΰ‚‚ρά‚ήj *3",2006,693784,525,345,409,596,1789,3537,6684,10302,15128,22603,34476,66262,72593,91169,112254,107115,76570,71427
101,"‘S•”Κiγ”η“ΰ‚‚ρά‚ήj *3",2007,743664,745,430,544,790,1451,3501,7197,11669,16227,23873,35161,67361,78333,98520,118485,114751,85839,78787
101,"‘S•”Κiγ”η“ΰ‚‚ρά‚ήj *3",2008,800014,775,479,527,868,1695,4181,8075,12763,17753,25187,35588,68478,85584,105888,124332,124233,97128,86480
101,"‘S•”Κiγ”η“ΰ‚‚ρά‚ήj *3",2009,829107,790,465,592,725,1942,4500,8587,13487,18858,26161,36202,62785,92518,113014,124709,128301,102123,93348
101,"‘S•”Κiγ”η“ΰ‚‚ρά‚ήj *3",2010,873523,746,444,519,774,2110,5060,9239,15084,20927,27917,36448,62000,102716,116997,129982,134754,108559,99247
101,"‘S•”Κiγ”η“ΰ‚‚ρά‚ήj *3",2011,936364,904,508,490,902,2231,5851,10326,16314,23567,30138,38500,62834,117472,119105,140328,144164,115800,106930
101,"‘S•”Κiγ”η“ΰ‚‚ρά‚ήj *3",2012,950557,881,476,521,865,2237,6026,10013,16815,24063,30524,38995,59049,113852,123304,143410,147596,119591,112339
101,"‘S•”Κiγ”η“ΰ‚‚ρά‚ήj *3",2013,952500,748,469,521,896,1974,5630,10290,16184,25763,31274,39865,58064,107165,130471,148124,145480,119319,110263
101,"‘S•”Κiγ”η“ΰ‚‚ρά‚ήj *3",2014,977018,776,480,588,863,2092,5382,10094,16009,25933,32346,40020,57141,100258,138211,157643,147048,124268,117866
101,"‘S•”Κiγ”η“ΰ‚‚ρά‚ήj *3",2015,1003761,842,521,571,882,2158,5237,10072,16083,26858,34363,42382,58182,95202,149438,160327,149188,127475,123980
104,"H“Ήiγ”η“ΰ‚‚ρά‚ήj",2003,16733,0,0,0,0,0,0,1,28,107,443,995,1922,2665,2705,3088,2326,1325,1128
104,"H“Ήiγ”η“ΰ‚‚ρά‚ήj",2004,18381,0,0,0,0,0,17,15,16,74,374,1056,2134,3095,3293,3187,2486,1589,1045
104,"H“Ήiγ”η“ΰ‚‚ρά‚ήj",2005,18005,0,2,0,0,0,0,4,24,79,391,927,2095,2713,3239,3046,2772,1617,1096
104,"H“Ήiγ”η“ΰ‚‚ρά‚ήj",2006,19411,0,0,0,1,0,4,0,44,132,362,862,2472,2921,3320,3482,2839,1613,1359
104,"H“Ήiγ”η“ΰ‚‚ρά‚ήj",2007,20840,0,0,0,0,7,3,3,25,93,393,1019,2399,3145,3796,3677,3108,1932,1240
104,"H“Ήiγ”η“ΰ‚‚ρά‚ήj",2008,21583,0,0,0,0,0,8,3,32,116,315,826,2306,3289,4126,3972,3126,2071,1393
104,"H“Ήiγ”η“ΰ‚‚ρά‚ήj",2009,22161,0,0,2,0,2,0,10,38,139,320,873,2219,3321,4331,3912,3379,2094,1521
104,"H“Ήiγ”η“ΰ‚‚ρά‚ήj",2010,23112,0,0,0,3,0,0,9,45,100,354,838,2017,3838,4220,4362,3376,2306,1644
104,"H“Ήiγ”η“ΰ‚‚ρά‚ήj",2011,25257,0,0,0,0,0,0,8,23,103,374,910,2071,4442,4632,4714,3901,2457,1622
104,"H“Ήiγ”η“ΰ‚‚ρά‚ήj",2012,22656,0,0,0,0,0,6,6,79,156,308,848,1642,3624,4173,4118,3770,2311,1615
104,"H“Ήiγ”η“ΰ‚‚ρά‚ήj",2013,25082,0,0,0,0,6,5,22,20,157,334,948,1823,3759,4553,5047,3998,2662,1748
104,"H“Ήiγ”η“ΰ‚‚ρά‚ήj",2014,25248,2,0,0,0,0,3,17,36,162,359,898,1807,3371,4828,5345,3938,2672,1810
104,"H“Ήiγ”η“ΰ‚‚ρά‚ήj",2015,25562,0,0,0,0,3,6,9,40,180,356,836,1638,3066,5061,5466,4066,2824,2011
106,"‹’°iγ”η“ΰ‚‚ρά‚ήj",2003,71589,0,3,0,21,40,102,261,482,855,1549,3609,5694,8510,10315,12622,11202,7957,8367
106,"‹’°iγ”η“ΰ‚‚ρά‚ήj",2004,71939,0,0,11,21,48,94,236,563,930,1460,3652,5886,9096,10217,12405,11653,7840,7827
106,"‹’°iγ”η“ΰ‚‚ρά‚ήj",2005,77235,0,0,17,11,8,99,245,586,977,1679,3968,6436,9032,11889,12833,12314,8932,8209
106,"‹’°iγ”η“ΰ‚‚ρά‚ήj",2006,79315,1,8,14,18,32,113,264,599,1115,1754,3272,7367,8558,11506,13632,13081,8814,9167
106,"‹’°iγ”η“ΰ‚‚ρά‚ήj",2007,82896,11,0,1,13,23,76,194,587,1055,1653,3284,7553,9035,12036,14158,13257,10049,9911
106,"‹’°iγ”η“ΰ‚‚ρά‚ήj",2008,88679,5,0,1,19,24,77,250,655,1133,1867,3644,7603,9890,12635,14607,14477,11481,10311
106,"‹’°iγ”η“ΰ‚‚ρά‚ήj",2009,91639,0,0,1,11,28,107,265,708,1146,1986,3651,6907,10419,13161,14899,14632,12192,11526
106,"‹’°iγ”η“ΰ‚‚ρά‚ήj",2010,96808,0,0,1,4,40,91,252,715,1336,1877,3551,6732,11640,13578,15623,15810,12852,12706
106,"‹’°iγ”η“ΰ‚‚ρά‚ήj",2011,106392,0,0,6,21,21,157,259,896,1276,2441,3752,7251,14167,14093,17363,17601,13457,13631
106,"‹’°iγ”η“ΰ‚‚ρά‚ήj",2012,112516,0,2,6,9,59,113,235,775,1744,2550,4048,7072,14414,15064,18284,18670,14701,14770
106,"‹’°iγ”η“ΰ‚‚ρά‚ήj",2013,112644,1,5,5,17,47,94,297,795,1864,2486,4583,6981,13187,15779,18820,18403,14910,14370
106,"‹’°iγ”η“ΰ‚‚ρά‚ήj",2014,116609,0,0,7,17,30,123,252,780,1894,2725,4175,6908,12636,17258,20067,18737,15459,15541
106,"‹’°iγ”η“ΰ‚‚ρά‚ήj",2015,121257,0,0,4,9,35,93,324,820,1875,2686,4667,7069,11958,18977,20464,19341,16449,16486
107,"’Ό’°iγ”η“ΰ‚‚ρά‚ήj",2003,35977,0,0,1,8,11,27,157,285,712,1198,2599,3971,5221,5743,5724,4808,2813,2699
107,"’Ό’°iγ”η“ΰ‚‚ρά‚ήj",2004,35258,0,0,0,0,8,58,136,469,542,1123,2504,4044,4842,5561,5614,4780,2854,2723
107,"’Ό’°iγ”η“ΰ‚‚ρά‚ήj",2005,38892,0,0,0,5,4,26,183,405,811,1297,2582,4584,5394,5780,6156,5393,3197,3075
107,"’Ό’°iγ”η“ΰ‚‚ρά‚ήj",2006,40545,0,0,0,0,24,42,172,402,679,1459,2563,4917,5141,6282,6536,5609,3748,2971
107,"’Ό’°iγ”η“ΰ‚‚ρά‚ήj",2007,42121,0,0,0,1,10,56,212,394,710,1188,2532,5045,5814,6516,6365,5956,3947,3375
107,"’Ό’°iγ”η“ΰ‚‚ρά‚ήj",2008,43713,0,0,0,4,26,82,131,465,726,1231,2286,4744,5971,7004,7173,6155,4188,3527
107,"’Ό’°iγ”η“ΰ‚‚ρά‚ήj",2009,45768,0,0,0,11,10,62,135,405,861,1344,2505,4685,6519,7368,7362,6249,4438,3814
107,"’Ό’°iγ”η“ΰ‚‚ρά‚ήj",2010,46900,4,0,0,2,20,41,133,494,902,1426,2402,4509,6684,7488,7399,6584,4796,4016
107,"’Ό’°iγ”η“ΰ‚‚ρά‚ήj",2011,51520,0,0,0,3,26,77,205,418,932,1855,2913,4579,8132,7429,8147,7268,4953,4583
107,"’Ό’°iγ”η“ΰ‚‚ρά‚ήj",2012,56403,0,0,3,0,48,86,166,634,1092,1727,2997,4845,8886,8262,9152,7850,5897,4758
107,"’Ό’°iγ”η“ΰ‚‚ρά‚ήj",2013,53564,0,0,2,8,23,61,224,548,1049,1687,2918,4459,8215,8502,8630,7482,5403,4353
107,"’Ό’°iγ”η“ΰ‚‚ρά‚ήj",2014,56080,1,0,1,5,13,67,195,598,1214,1978,3120,4655,7841,9228,9327,7643,5545,4649
107,"’Ό’°iγ”η“ΰ‚‚ρά‚ήj",2015,58066,0,0,1,6,38,72,159,532,1227,2001,3379,4750,7633,10065,9489,8054,5728,4932
112,"”xiγ”η“ΰ‚‚ρά‚ήj",2003,78789,5,0,0,6,5,39,103,301,486,1237,2901,5081,7119,10073,15261,15755,10724,9693
112,"”xiγ”η“ΰ‚‚ρά‚ήj",2004,80176,0,0,1,7,35,49,127,231,683,1356,3043,5561,7935,10220,14955,16278,10467,9228
112,"”xiγ”η“ΰ‚‚ρά‚ήj",2005,83907,0,0,5,0,0,93,164,278,649,1251,2867,6270,8735,10425,14968,16806,11173,10223
112,"”xiγ”η“ΰ‚‚ρά‚ήj",2006,85523,5,0,0,2,45,55,135,317,617,1276,2596,6652,8206,10698,15126,16363,12505,10925
112,"”xiγ”η“ΰ‚‚ρά‚ήj",2007,93458,2,1,0,11,5,31,113,361,633,1455,2973,6663,8971,12177,15718,18113,14259,11972
112,"”xiγ”η“ΰ‚‚ρά‚ήj",2008,97343,1,2,0,3,29,44,136,354,643,1228,2839,6700,9596,12706,15938,18752,15616,12756
112,"”xiγ”η“ΰ‚‚ρά‚ήj",2009,103790,0,1,0,4,22,29,100,370,689,1472,2713,6360,10754,14443,16634,19533,16749,13917
112,"”xiγ”η“ΰ‚‚ρά‚ήj",2010,107355,2,0,4,9,24,50,125,350,612,1461,2752,5943,11398,14702,16778,20256,17934,14955
112,"”xiγ”η“ΰ‚‚ρά‚ήj",2011,111987,0,0,8,0,32,85,146,411,762,1375,2859,5774,13796,15212,17833,20474,17767,15453
112,"”xiγ”η“ΰ‚‚ρά‚ήj",2012,113237,1,0,0,13,41,32,167,368,822,1367,2812,5488,12911,15673,18311,20687,18180,16364
112,"”xiγ”η“ΰ‚‚ρά‚ήj",2013,112045,3,0,1,3,16,36,136,349,656,1397,2781,5285,12115,16875,19261,19525,17638,15968
112,"”xiγ”η“ΰ‚‚ρά‚ήj",2014,114840,1,0,4,13,20,49,117,309,828,1420,2659,5028,11272,17800,20876,19879,17993,16572
112,"”xiγ”η“ΰ‚‚ρά‚ήj",2015,116593,1,0,4,10,15,57,114,357,825,1443,2690,5159,10233,18979,21302,19934,18238,17232
113,"”η•†iγ”η“ΰ‚‚ρά‚ήj",2003,9529,10,0,13,18,28,55,97,154,106,185,273,358,715,1080,1302,1467,1418,2250
113,"”η•†iγ”η“ΰ‚‚ρά‚ήj",2004,10518,10,2,2,14,44,66,109,114,112,193,361,562,791,1013,1566,1829,1522,2208
113,"”η•†iγ”η“ΰ‚‚ρά‚ήj",2005,11055,0,4,18,13,38,42,111,113,197,201,351,616,757,1191,1671,1776,1654,2302
113,"”η•†iγ”η“ΰ‚‚ρά‚ήj",2006,10364,6,10,1,19,55,74,113,136,78,172,365,691,650,1062,1452,1649,1617,2214
113,"”η•†iγ”η“ΰ‚‚ρά‚ήj",2007,13694,2,8,7,8,42,67,172,146,246,286,385,743,878,1326,1941,2141,2201,3095
113,"”η•†iγ”η“ΰ‚‚ρά‚ήj",2008,17304,5,10,10,17,27,97,170,166,294,316,508,876,1019,1694,2373,2919,2865,3938
113,"”η•†iγ”η“ΰ‚‚ρά‚ήj",2009,17883,0,2,13,20,35,60,139,245,203,244,504,906,1282,1665,2228,2942,2987,4408
113,"”η•†iγ”η“ΰ‚‚ρά‚ήj",2010,18319,0,6,4,18,36,54,117,231,246,370,492,707,1290,1792,2307,2981,3107,4561
113,"”η•†iγ”η“ΰ‚‚ρά‚ήj",2011,21771,8,5,12,25,52,115,180,281,256,404,594,821,1602,1952,2654,3557,3866,5387
113,"”η•†iγ”η“ΰ‚‚ρά‚ήj",2012,22407,0,0,4,10,33,101,116,219,338,348,559,782,1518,1877,2922,3731,3971,5878
113,"”η•†iγ”η“ΰ‚‚ρά‚ήj",2013,24636,2,1,7,23,37,61,150,289,334,504,609,889,1508,2198,3189,3890,4417,6528
113,"”η•†iγ”η“ΰ‚‚ρά‚ήj",2014,25322,4,6,9,21,54,90,154,261,356,478,570,867,1509,2175,3370,3866,4591,6941
113,"”η•†iγ”η“ΰ‚‚ρά‚ήj",2015,26579,3,1,15,21,44,98,143,230,352,556,625,874,1496,2517,3247,4175,4709,7473
121,"δNγχiγ”η“ΰ‚‚ρά‚ήj",2003,18183,7,0,0,10,4,23,34,127,150,291,853,1157,1573,2191,3628,3317,2390,2428
121,"δNγχiγ”η“ΰ‚‚ρά‚ήj",2004,18166,0,0,1,4,6,43,39,92,142,399,841,1286,1718,1991,3232,3187,2661,2524
121,"δNγχiγ”η“ΰ‚‚ρά‚ήj",2005,18920,5,0,0,0,4,23,78,92,278,356,656,1428,1782,2164,3201,3540,2745,2568
121,"δNγχiγ”η“ΰ‚‚ρά‚ήj",2006,19117,1,0,0,1,24,28,34,43,147,306,560,1541,1772,2258,3283,3560,2940,2619
121,"δNγχiγ”η“ΰ‚‚ρά‚ήj",2007,22169,0,2,0,0,22,21,26,91,142,377,631,1635,2004,2740,3718,4134,3387,3239
121,"δNγχiγ”η“ΰ‚‚ρά‚ήj",2008,24619,16,2,0,0,12,21,37,130,214,312,700,1699,2502,2799,3852,4692,3980,3651
121,"δNγχiγ”η“ΰ‚‚ρά‚ήj",2009,26193,0,1,2,9,14,9,24,123,218,392,693,1464,2648,3354,3908,4901,4442,3991
121,"δNγχiγ”η“ΰ‚‚ρά‚ήj",2010,28621,4,0,8,4,11,15,48,115,205,383,721,1759,2944,3639,4185,5201,4976,4403
121,"δNγχiγ”η“ΰ‚‚ρά‚ήj",2011,32679,7,0,0,18,21,12,54,118,214,488,830,1800,3644,3653,5238,5749,5622,5211
121,"δNγχiγ”η“ΰ‚‚ρά‚ήj",2012,32457,5,0,0,5,11,13,41,132,244,384,802,1478,3479,4067,5151,5682,5575,5388
121,"δNγχiγ”η“ΰ‚‚ρά‚ήj",2013,33339,2,0,0,0,5,49,42,98,248,472,759,1460,3277,4399,5355,5983,5887,5303
121,"δNγχiγ”η“ΰ‚‚ρά‚ήj",2014,35001,1,2,0,5,8,35,66,93,255,403,835,1581,3182,4807,5974,6004,5919,5831
121,"δNγχiγ”η“ΰ‚‚ρά‚ήj",2015,36909,4,0,1,3,12,21,62,125,279,414,846,1758,3205,5377,6217,6130,6165,6290
167,"‘ε’°iγ”η“ΰ‚‚ρά‚ήj",2003,107566,0,3,1,29,51,129,418,767,1567,2747,6208,9665,13731,16058,18346,16010,10770,11066
167,"‘ε’°iγ”η“ΰ‚‚ρά‚ήj",2004,107197,0,0,11,21,56,152,372,1032,1472,2583,6156,9930,13938,15778,18019,16433,10694,10550
167,"‘ε’°iγ”η“ΰ‚‚ρά‚ήj",2005,116127,0,0,17,16,12,125,428,991,1788,2976,6550,11020,14426,17669,18989,17707,12129,11284
167,"‘ε’°iγ”η“ΰ‚‚ρά‚ήj",2006,119860,1,8,14,18,56,155,436,1001,1794,3213,5835,12284,13699,17788,20168,18690,12562,12138
167,"‘ε’°iγ”η“ΰ‚‚ρά‚ήj",2007,125017,11,0,1,14,33,132,406,981,1765,2841,5816,12598,14849,18552,20523,19213,13996,13286
167,"‘ε’°iγ”η“ΰ‚‚ρά‚ήj",2008,132392,5,0,1,23,50,159,381,1120,1859,3098,5930,12347,15861,19639,21780,20632,15669,13838
167,"‘ε’°iγ”η“ΰ‚‚ρά‚ήj",2009,137407,0,0,1,22,38,169,400,1113,2007,3330,6156,11592,16938,20529,22261,20881,16630,15340
167,"‘ε’°iγ”η“ΰ‚‚ρά‚ήj",2010,143708,4,0,1,6,60,132,385,1209,2238,3303,5953,11241,18324,21066,23022,22394,17648,16722
167,"‘ε’°iγ”η“ΰ‚‚ρά‚ήj",2011,157912,0,0,6,24,47,234,464,1314,2208,4296,6665,11830,22299,21522,25510,24869,18410,18214
167,"‘ε’°iγ”η“ΰ‚‚ρά‚ήj",2012,168919,0,2,9,9,107,199,401,1409,2836,4277,7045,11917,23300,23326,27436,26520,20598,19528
167,"‘ε’°iγ”η“ΰ‚‚ρά‚ήj",2013,166208,1,5,7,25,70,155,521,1343,2913,4173,7501,11440,21402,24281,27450,25885,20313,18723
167,"‘ε’°iγ”η“ΰ‚‚ρά‚ήj",2014,172689,1,0,8,22,43,190,447,1378,3108,4703,7295,11563,20477,26486,29394,26380,21004,20190
167,"‘ε’°iγ”η“ΰ‚‚ρά‚ήj",2015,179323,0,0,5,15,73,165,483,1352,3102,4687,8046,11819,19591,29042,29953,27395,22177,21418
